0,1,2,3,4,5,6,7,8,9,10,11,12,13,14,15,16,17,18,19,20,21,22,23,24,25,26,27
0.2343759536743164,0.03423416614532471,0.09719312191009521,-0.8183873891830444,-0.28150540590286255,0.07070660591125488,0.5926215648651123,-0.26749223470687866,0.0074007511138916016,0.36154258251190186,0.5916053056716919,-0.12826251983642578,-0.04784655570983887,1.0,0.222214937210083,-0.01732814311981201,0.1184544563293457,-0.33944171667099,-0.8941028714179993,0.02667367458343506,-0.6393177509307861,0.2617828845977783,0.0063436031341552734,0.42669355869293213,-0.5985170602798462,0.07910311222076416,0.16119742393493652,1.0
0.2343759536743164,0.03423416614532471,0.09719312191009521,-0.8183873891830444,-0.28150540590286255,0.07070660591125488,0.5926215648651123,-0.26749223470687866,0.0074007511138916016,0.36154258251190186,0.5916053056716919,-0.12826251983642578,-0.04784655570983887,1.0,0.222214937210083,-0.01732814311981201,0.1184544563293457,-0.33944171667099,-0.8941028714179993,0.02667367458343506,-0.6393177509307861,0.2617828845977783,0.0063436031341552734,0.42669355869293213,-0.5985170602798462,0.07910311222076416,0.16119742393493652,1.0
0.2343759536743164,0.03423416614532471,0.09719312191009521,-0.8183873891830444,-0.28150540590286255,0.07070660591125488,0.5926215648651123,-0.26749223470687866,0.0074007511138916016,0.36154258251190186,0.5916053056716919,-0.12826251983642578,-0.04784655570983887,1.0,0.222214937210083,-0.01732814311981201,0.1184544563293457,-0.33944171667099,-0.8941028714179993,0.02667367458343506,-0.6393177509307861,0.2617828845977783,0.0063436031341552734,0.42669355869293213,-0.5985170602798462,0.07910311222076416,0.16119742393493652,1.0
0.2343759536743164,0.03423416614532471,0.09719312191009521,-0.8183873891830444,-0.28150540590286255,0.07070660591125488,0.5926215648651123,-0.26749223470687866,0.0074007511138916016,0.36154258251190186,0.5916053056716919,-0.12826251983642578,-0.04784655570983887,1.0,0.222214937210083,-0.01732814311981201,0.1184544563293457,-0.33944171667099,-0.8941028714179993,0.02667367458343506,-0.6393177509307861,0.2617828845977783,0.0063436031341552734,0.42669355869293213,-0.5985170602798462,0.07910311222076416,0.16119742393493652,1.0
0.2343759536743164,0.03423416614532471,0.09719312191009521,-0.8183873891830444,-0.28150540590286255,0.07070660591125488,0.5926215648651123,-0.26749223470687866,0.0074007511138916016,0.36154258251190186,0.5916053056716919,-0.12826251983642578,-0.04784655570983887,1.0,0.222214937210083,-0.01732814311981201,0.1184544563293457,-0.33944171667099,-0.8941028714179993,0.02667367458343506,-0.6393177509307861,0.2617828845977783,0.0063436031341552734,0.42669355869293213,-0.5985170602798462,0.07910311222076416,0.16119742393493652,1.0
0.2343759536743164,0.03423416614532471,0.09719312191009521,-0.8183873891830444,-0.28150540590286255,0.07070660591125488,0.5926215648651123,-0.26749223470687866,0.0074007511138916016,0.36154258251190186,0.5916053056716919,-0.12826251983642578,-0.04784655570983887,1.0,0.222214937210083,-0.01732814311981201,0.1184544563293457,-0.33944171667099,-0.8941028714179993,0.02667367458343506,-0.6393177509307861,0.2617828845977783,0.0063436031341552734,0.42669355869293213,-0.5985170602798462,0.07910311222076416,0.16119742393493652,1.0
0.2343759536743164,0.03423416614532471,0.09719312191009521,-0.8183873891830444,-0.28150540590286255,0.07070660591125488,0.5926215648651123,-0.26749223470687866,0.0074007511138916016,0.36154258251190186,0.5916053056716919,-0.12826251983642578,-0.04784655570983887,1.0,0.222214937210083,-0.01732814311981201,0.1184544563293457,-0.33944171667099,-0.8941028714179993,0.02667367458343506,-0.6393177509307861,0.2617828845977783,0.0063436031341552734,0.42669355869293213,-0.5985170602798462,0.07910311222076416,0.16119742393493652,1.0
0.2343759536743164,0.03423416614532471,0.09719312191009521,-0.8183873891830444,-0.28150540590286255,0.07070660591125488,0.5926215648651123,-0.26749223470687866,0.0074007511138916016,0.36154258251190186,0.5916053056716919,-0.12826251983642578,-0.04784655570983887,1.0,0.222214937210083,-0.01732814311981201,0.1184544563293457,-0.33944171667099,-0.8941028714179993,0.02667367458343506,-0.6393177509307861,0.2617828845977783,0.0063436031341552734,0.42669355869293213,-0.5985170602798462,0.07910311222076416,0.16119742393493652,1.0
0.2343759536743164,0.03423416614532471,0.09719312191009521,-0.8183873891830444,-0.28150540590286255,0.07070660591125488,0.5926215648651123,-0.26749223470687866,0.0074007511138916016,0.36154258251190186,0.5916053056716919,-0.12826251983642578,-0.04784655570983887,1.0,0.222214937210083,-0.01732814311981201,0.1184544563293457,-0.33944171667099,-0.8941028714179993,0.02667367458343506,-0.6393177509307861,0.2617828845977783,0.0063436031341552734,0.42669355869293213,-0.5985170602798462,0.07910311222076416,0.16119742393493652,1.0
0.2343759536743164,0.03423416614532471,0.09719312191009521,-0.8183873891830444,-0.28150540590286255,0.07070660591125488,0.5926215648651123,-0.26749223470687866,0.0074007511138916016,0.36154258251190186,0.5916053056716919,-0.12826251983642578,-0.04784655570983887,1.0,0.222214937210083,-0.01732814311981201,0.1184544563293457,-0.33944171667099,-0.8941028714179993,0.02667367458343506,-0.6393177509307861,0.2617828845977783,0.0063436031341552734,0.42669355869293213,-0.5985170602798462,0.07910311222076416,0.16119742393493652,1.0
0.2343759536743164,0.03423416614532471,0.09719312191009521,-0.8183873891830444,-0.28150540590286255,0.07070660591125488,0.5926215648651123,-0.26749223470687866,0.0074007511138916016,0.36154258251190186,0.5916053056716919,-0.12826251983642578,-0.04784655570983887,1.0,0.222214937210083,-0.01732814311981201,0.1184544563293457,-0.33944171667099,-0.8941028714179993,0.02667367458343506,-0.6393177509307861,0.2617828845977783,0.0063436031341552734,0.42669355869293213,-0.5985170602798462,0.07910311222076416,0.16119742393493652,1.0
0.2343759536743164,0.03423416614532471,0.09719312191009521,-0.8183873891830444,-0.28150540590286255,0.07070660591125488,0.5926215648651123,-0.26749223470687866,0.0074007511138916016,0.36154258251190186,0.5916053056716919,-0.12826251983642578,-0.04784655570983887,1.0,0.222214937210083,-0.01732814311981201,0.1184544563293457,-0.33944171667099,-0.8941028714179993,0.02667367458343506,-0.6393177509307861,0.2617828845977783,0.0063436031341552734,0.42669355869293213,-0.5985170602798462,0.07910311222076416,0.16119742393493652,1.0
0.2343759536743164,0.03423416614532471,0.09719312191009521,-0.8183873891830444,-0.28150540590286255,0.07070660591125488,0.5926215648651123,-0.26749223470687866,0.0074007511138916016,0.36154258251190186,0.5916053056716919,-0.12826251983642578,-0.04784655570983887,1.0,0.222214937210083,-0.01732814311981201,0.1184544563293457,-0.33944171667099,-0.8941028714179993,0.02667367458343506,-0.6393177509307861,0.2617828845977783,0.0063436031341552734,0.42669355869293213,-0.5985170602798462,0.07910311222076416,0.16119742393493652,1.0
0.2343759536743164,0.03423416614532471,0.09719312191009521,-0.8183873891830444,-0.28150540590286255,0.07070660591125488,0.5926215648651123,-0.26749223470687866,0.0074007511138916016,0.36154258251190186,0.5916053056716919,-0.12826251983642578,-0.04784655570983887,1.0,0.222214937210083,-0.01732814311981201,0.1184544563293457,-0.33944171667099,-0.8941028714179993,0.02667367458343506,-0.6393177509307861,0.2617828845977783,0.0063436031341552734,0.42669355869293213,-0.5985170602798462,0.07910311222076416,0.16119742393493652,1.0
0.2343759536743164,0.03423416614532471,0.09719312191009521,-0.8183873891830444,-0.28150540590286255,0.07070660591125488,0.5926215648651123,-0.26749223470687866,0.0074007511138916016,0.36154258251190186,0.5916053056716919,-0.12826251983642578,-0.04784655570983887,1.0,0.222214937210083,-0.01732814311981201,0.1184544563293457,-0.33944171667099,-0.8941028714179993,0.02667367458343506,-0.6393177509307861,0.2617828845977783,0.0063436031341552734,0.42669355869293213,-0.5985170602798462,0.07910311222076416,0.16119742393493652,1.0
0.2343759536743164,0.03423416614532471,0.09719312191009521,-0.8183873891830444,-0.28150540590286255,0.07070660591125488,0.5926215648651123,-0.26749223470687866,0.0074007511138916016,0.36154258251190186,0.5916053056716919,-0.12826251983642578,-0.04784655570983887,1.0,0.222214937210083,-0.01732814311981201,0.1184544563293457,-0.33944171667099,-0.8941028714179993,0.02667367458343506,-0.6393177509307861,0.2617828845977783,0.0063436031341552734,0.42669355869293213,-0.5985170602798462,0.07910311222076416,0.16119742393493652,1.0
0.2343759536743164,0.03423416614532471,0.09719312191009521,-0.8183873891830444,-0.28150540590286255,0.07070660591125488,0.5926215648651123,-0.26749223470687866,0.0074007511138916016,0.36154258251190186,0.5916053056716919,-0.12826251983642578,-0.04784655570983887,1.0,0.222214937210083,-0.01732814311981201,0.1184544563293457,-0.33944171667099,-0.8941028714179993,0.02667367458343506,-0.6393177509307861,0.2617828845977783,0.0063436031341552734,0.42669355869293213,-0.5985170602798462,0.07910311222076416,0.16119742393493652,1.0
0.2343759536743164,0.03423416614532471,0.09719312191009521,-0.8183873891830444,-0.28150540590286255,0.07070660591125488,0.5926215648651123,-0.26749223470687866,0.0074007511138916016,0.36154258251190186,0.5916053056716919,-0.12826251983642578,-0.04784655570983887,1.0,0.222214937210083,-0.01732814311981201,0.1184544563293457,-0.33944171667099,-0.8941028714179993,0.02667367458343506,-0.6393177509307861,0.2617828845977783,0.0063436031341552734,0.42669355869293213,-0.5985170602798462,0.07910311222076416,0.16119742393493652,1.0
0.2343759536743164,0.03423416614532471,0.09719312191009521,-0.8183873891830444,-0.28150540590286255,0.07070660591125488,0.5926215648651123,-0.26749223470687866,0.0074007511138916016,0.36154258251190186,0.5916053056716919,-0.12826251983642578,-0.04784655570983887,1.0,0.222214937210083,-0.01732814311981201,0.1184544563293457,-0.33944171667099,-0.8941028714179993,0.02667367458343506,-0.6393177509307861,0.2617828845977783,0.0063436031341552734,0.42669355869293213,-0.5985170602798462,0.07910311222076416,0.16119742393493652,1.0
0.2343759536743164,0.03423416614532471,0.09719312191009521,-0.8183873891830444,-0.28150540590286255,0.07070660591125488,0.5926215648651123,-0.26749223470687866,0.0074007511138916016,0.36154258251190186,0.5916053056716919,-0.12826251983642578,-0.04784655570983887,1.0,0.222214937210083,-0.01732814311981201,0.1184544563293457,-0.33944171667099,-0.8941028714179993,0.02667367458343506,-0.6393177509307861,0.2617828845977783,0.0063436031341552734,0.42669355869293213,-0.5985170602798462,0.07910311222076416,0.16119742393493652,1.0
0.2343759536743164,0.03423416614532471,0.09719312191009521,-0.8183873891830444,-0.28150540590286255,0.07070660591125488,0.5926215648651123,-0.26749223470687866,0.0074007511138916016,0.36154258251190186,0.5916053056716919,-0.12826251983642578,-0.04784655570983887,1.0,0.222214937210083,-0.01732814311981201,0.1184544563293457,-0.33944171667099,-0.8941028714179993,0.02667367458343506,-0.6393177509307861,0.2617828845977783,0.0063436031341552734,0.42669355869293213,-0.5985170602798462,0.07910311222076416,0.16119742393493652,1.0
0.2343759536743164,0.03423416614532471,0.09719312191009521,-0.8183873891830444,-0.28150540590286255,0.07070660591125488,0.5926215648651123,-0.26749223470687866,0.0074007511138916016,0.36154258251190186,0.5916053056716919,-0.12826251983642578,-0.04784655570983887,1.0,0.222214937210083,-0.01732814311981201,0.1184544563293457,-0.33944171667099,-0.8941028714179993,0.02667367458343506,-0.6393177509307861,0.2617828845977783,0.0063436031341552734,0.42669355869293213,-0.5985170602798462,0.07910311222076416,0.16119742393493652,1.0
0.2343759536743164,0.03423416614532471,0.09719312191009521,-0.8183873891830444,-0.28150540590286255,0.07070660591125488,0.5926215648651123,-0.26749223470687866,0.0074007511138916016,0.36154258251190186,0.5916053056716919,-0.12826251983642578,-0.04784655570983887,1.0,0.222214937210083,-0.01732814311981201,0.1184544563293457,-0.33944171667099,-0.8941028714179993,0.02667367458343506,-0.6393177509307861,0.2617828845977783,0.0063436031341552734,0.42669355869293213,-0.5985170602798462,0.07910311222076416,0.16119742393493652,1.0
0.2343759536743164,0.03423416614532471,0.09719312191009521,-0.8183873891830444,-0.28150540590286255,0.07070660591125488,0.5926215648651123,-0.26749223470687866,0.0074007511138916016,0.36154258251190186,0.5916053056716919,-0.12826251983642578,-0.04784655570983887,1.0,0.222214937210083,-0.01732814311981201,0.1184544563293457,-0.33944171667099,-0.8941028714179993,0.02667367458343506,-0.6393177509307861,0.2617828845977783,0.0063436031341552734,0.42669355869293213,-0.5985170602798462,0.07910311222076416,0.16119742393493652,1.0
0.2343759536743164,0.03423416614532471,0.09719312191009521,-0.8183873891830444,-0.28150540590286255,0.07070660591125488,0.5926215648651123,-0.26749223470687866,0.0074007511138916016,0.36154258251190186,0.5916053056716919,-0.12826251983642578,-0.04784655570983887,1.0,0.222214937210083,-0.01732814311981201,0.1184544563293457,-0.33944171667099,-0.8941028714179993,0.02667367458343506,-0.6393177509307861,0.2617828845977783,0.0063436031341552734,0.42669355869293213,-0.5985170602798462,0.07910311222076416,0.16119742393493652,1.0
0.2343759536743164,0.03423416614532471,0.09719312191009521,-0.8183873891830444,-0.28150540590286255,0.07070660591125488,0.5926215648651123,-0.26749223470687866,0.0074007511138916016,0.36154258251190186,0.5916053056716919,-0.12826251983642578,-0.04784655570983887,1.0,0.222214937210083,-0.01732814311981201,0.1184544563293457,-0.33944171667099,-0.8941028714179993,0.02667367458343506,-0.6393177509307861,0.2617828845977783,0.0063436031341552734,0.42669355869293213,-0.5985170602798462,0.07910311222076416,0.16119742393493652,1.0
0.2343759536743164,0.03423416614532471,0.09719312191009521,-0.8183873891830444,-0.28150540590286255,0.07070660591125488,0.5926215648651123,-0.26749223470687866,0.0074007511138916016,0.36154258251190186,0.5916053056716919,-0.12826251983642578,-0.04784655570983887,1.0,0.222214937210083,-0.01732814311981201,0.1184544563293457,-0.33944171667099,-0.8941028714179993,0.02667367458343506,-0.6393177509307861,0.2617828845977783,0.0063436031341552734,0.42669355869293213,-0.5985170602798462,0.07910311222076416,0.16119742393493652,1.0
0.2343759536743164,0.03423416614532471,0.09719312191009521,-0.8183873891830444,-0.28150540590286255,0.07070660591125488,0.5926215648651123,-0.26749223470687866,0.0074007511138916016,0.36154258251190186,0.5916053056716919,-0.12826251983642578,-0.04784655570983887,1.0,0.222214937210083,-0.01732814311981201,0.1184544563293457,-0.33944171667099,-0.8941028714179993,0.02667367458343506,-0.6393177509307861,0.2617828845977783,0.0063436031341552734,0.42669355869293213,-0.5985170602798462,0.07910311222076416,0.16119742393493652,1.0
0.2343759536743164,0.03423416614532471,0.09719312191009521,-0.8183873891830444,-0.28150540590286255,0.07070660591125488,0.5926215648651123,-0.26749223470687866,0.0074007511138916016,0.36154258251190186,0.5916053056716919,-0.12826251983642578,-0.04784655570983887,1.0,0.222214937210083,-0.01732814311981201,0.1184544563293457,-0.33944171667099,-0.8941028714179993,0.02667367458343506,-0.6393177509307861,0.2617828845977783,0.0063436031341552734,0.42669355869293213,-0.5985170602798462,0.07910311222076416,0.16119742393493652,1.0
0.2343759536743164,0.03423416614532471,0.09719312191009521,-0.8183873891830444,-0.28150540590286255,0.07070660591125488,0.5926215648651123,-0.26749223470687866,0.0074007511138916016,0.36154258251190186,0.5916053056716919,-0.12826251983642578,-0.04784655570983887,1.0,0.222214937210083,-0.01732814311981201,0.1184544563293457,-0.33944171667099,-0.8941028714179993,0.02667367458343506,-0.6393177509307861,0.2617828845977783,0.0063436031341552734,0.42669355869293213,-0.5985170602798462,0.07910311222076416,0.16119742393493652,1.0
0.2343759536743164,0.03423416614532471,0.09719312191009521,-0.8183873891830444,-0.28150540590286255,0.07070660591125488,0.5926215648651123,-0.26749223470687866,0.0074007511138916016,0.36154258251190186,0.5916053056716919,-0.12826251983642578,-0.04784655570983887,1.0,0.222214937210083,-0.01732814311981201,0.1184544563293457,-0.33944171667099,-0.8941028714179993,0.02667367458343506,-0.6393177509307861,0.2617828845977783,0.0063436031341552734,0.42669355869293213,-0.5985170602798462,0.07910311222076416,0.16119742393493652,1.0
0.2343759536743164,0.03423416614532471,0.09719312191009521,-0.8183873891830444,-0.28150540590286255,0.07070660591125488,0.5926215648651123,-0.26749223470687866,0.0074007511138916016,0.36154258251190186,0.5916053056716919,-0.12826251983642578,-0.04784655570983887,1.0,0.222214937210083,-0.01732814311981201,0.1184544563293457,-0.33944171667099,-0.8941028714179993,0.02667367458343506,-0.6393177509307861,0.2617828845977783,0.0063436031341552734,0.42669355869293213,-0.5985170602798462,0.07910311222076416,0.16119742393493652,1.0
0.22360128,0.027436687,0.094533205,-0.8456182,-0.35550386,0.02000549,0.59965867,-0.30162877,0.0041319206,0.3218336,0.56341183,-0.1508714,-0.12658009,1.0,0.2293363,-0.20256424,0.04331255,-1.0611004,-1.0405937,-0.06833947,-0.67006814,-0.042640578,-0.23942812,-0.9484054,-1.0714228,-0.17818305,-1.2485033,-1.1329008
0.22240403,0.030053364,0.09547328,-0.8459225,-0.33494577,0.0047071534,0.5885211,-0.29374084,0.0046584834,0.3140185,0.56279695,-0.14609604,-0.22759697,1.0,0.18137582,-0.22220454,-2.3171306e-06,-0.93458974,-1.0884107,0.077592,-0.6294344,0.043568216,-0.20183535,-1.0506301,-0.98854506,-0.15430233,-0.8551855,-1.0459656
0.21936366,0.028008461,0.09633273,-0.84841025,-0.34171462,0.00415512,0.5834435,-0.2938896,0.0049817483,0.3268393,0.57269746,-0.13477015,-0.14245827,1.0,0.21134952,-0.15514168,0.044242024,-0.7681177,-0.9732512,0.049592532,-0.67349124,-0.08446123,-0.21925096,-1.0011591,-1.0726129,-0.23537838,-0.9024313,-1.110163
0.22170761,0.027919684,0.0965182,-0.8532356,-0.34038422,0.018101806,0.57843655,-0.30510592,0.0034161424,0.31671253,0.5706357,-0.16157976,-0.16848922,1.0,0.20845348,-0.1906018,0.031684577,-0.65350044,-0.88920987,-0.085524514,-0.65469974,0.059098378,-0.20307507,-0.9344909,-1.055488,-0.29782206,-0.9134575,-1.0353733
0.2251894,0.028411346,0.09537879,-0.8470226,-0.3288787,0.02000095,0.57961607,-0.2900123,0.002704612,0.2952047,0.5605982,-0.14054047,-0.16749986,1.0,0.21129297,-0.19016065,0.023980595,-1.0980511,-0.9698058,-0.15520597,-0.64501554,-0.014249453,-0.2005928,-0.9931121,-0.96236795,-0.16137335,-1.190172,-0.65433586
0.22176553,0.030173339,0.09541229,-0.853953,-0.34751698,0.019546809,0.5809262,-0.30940756,0.0053311354,0.31617492,0.5696,-0.13908875,-0.20049086,1.0,0.22229695,-0.1858572,0.08103827,-0.7076183,-1.0310893,-0.1281029,-0.61254525,-0.0554717,-0.18276648,-1.2008252,-0.9612787,-0.12041696,-1.6657999,-0.85648215
0.21963319,0.027037205,0.09702077,-0.85120237,-0.3513563,0.0124602085,0.5843685,-0.30004254,0.0036328307,0.29548517,0.5603767,-0.13864148,-0.19877999,1.0,0.20206997,-0.2163691,0.048890866,-0.6789885,-0.9456853,-0.08588193,-0.6612526,-0.076365195,-0.22293083,-0.8810431,-1.0025727,-0.1975325,-1.3063965,-0.8885426
0.22506471,0.030485215,0.095440164,-0.84331733,-0.34412476,0.02015723,0.5812467,-0.28517857,0.00325565,0.29615638,0.56397766,-0.15047018,-0.20950493,1.0,0.19406424,-0.21284784,0.04980314,-0.41080892,-0.9811405,0.011759665,-0.68503654,-0.06101926,-0.20353857,-1.0992849,-1.0042353,-0.2327691,-0.5529913,-0.9992558
0.22398809,0.02643015,0.09626306,-0.8518112,-0.3420552,0.021936145,0.5860735,-0.28512272,0.00230412,0.29131,0.5867362,-0.14070539,-0.16893646,1.0,0.22273387,-0.14525437,0.07902919,-1.1568137,-1.0146124,0.005047586,-0.651938,-0.046566516,-0.22557347,-0.913581,-0.94704986,-0.17884208,-0.77840966,-1.2748492
0.22026971,0.027992623,0.0954304,-0.8461616,-0.32144344,0.026075205,0.5848385,-0.2867671,0.0042756265,0.2848842,0.572493,-0.12843314,-0.16317925,1.0,0.24222936,-0.17758805,0.023137875,-0.6244379,-1.021486,0.10207312,-0.7034915,0.0478819,-0.25624737,-0.93797535,-1.1003375,-0.311401,-1.2077599,-0.6946086
0.2141772,0.027464712,0.095514275,-0.8480342,-0.33528137,0.018057467,0.5829416,-0.2943414,0.0059132474,0.3196318,0.55449,-0.14978911,-0.16585995,1.0,0.21211234,-0.19665396,0.021286655,-0.9542811,-1.0845233,0.16355222,-0.6178513,-0.03005742,-0.2684259,-1.023391,-1.166406,0.13046867,-0.6090342,-0.7322306
0.21890987,0.028231427,0.09462081,-0.8456404,-0.34096694,0.0145014245,0.5904233,-0.30000648,0.0006394726,0.29156545,0.57297784,-0.14149974,-0.16626793,1.0,0.25444928,-0.19089709,0.039672937,-0.815276,-1.0233796,0.006930597,-0.68533635,-0.057361193,-0.20108318,-1.3119121,-1.0726057,0.048882693,-0.9166673,-1.4030448
0.2172754,0.027812373,0.0969181,-0.8502702,-0.3355866,0.010127394,0.58088744,-0.28588328,0.004822579,0.3052047,0.5728446,-0.13423587,-0.18477589,1.0,0.20475009,-0.22164206,0.040476605,-0.50371146,-1.0329674,-0.018097814,-0.65004355,0.07595709,-0.25021958,-0.78326285,-0.9649028,-0.109533764,-0.85619926,-1.3218223
0.21853311,0.026746456,0.095007375,-0.8459316,-0.33501768,0.014032576,0.5783655,-0.289962,0.00211646,0.30189905,0.5566744,-0.120870076,-0.20341411,1.0,0.19497983,-0.20275705,0.04946469,-1.1565613,-0.95703053,0.109859005,-0.6769379,0.0050253943,-0.21845756,-1.0954616,-0.9837601,-0.09180101,-1.2047733,-1.196536
0.21856846,0.027193625,0.09636028,-0.8474696,-0.3490133,0.0021143174,0.58165646,-0.29826668,0.0033723358,0.3020879,0.5757912,-0.16559951,-0.20747694,1.0,0.19753073,-0.16317514,0.007593006,-0.6808712,-1.0042102,-0.18890531,-0.6707402,0.05496782,-0.17282291,-0.7904382,-1.0590228,-0.48106137,-0.93900836,-1.3893752
0.22130558,0.028611977,0.09543977,-0.8389354,-0.3273967,0.013705765,0.59051645,-0.28706983,0.0062805917,0.32510507,0.58638716,-0.12848797,-0.18654913,1.0,0.19616863,-0.19036663,0.043856822,-0.9451637,-1.0003762,-0.20167659,-0.6838235,-0.053150944,-0.2034687,-0.8282393,-0.88367784,-0.3359466,-1.0776972,-0.92751247
0.22184211,0.027859464,0.096031435,-0.85385734,-0.33492756,0.01937471,0.58752525,-0.28304383,0.004335913,0.29370287,0.5471277,-0.15207651,-0.20744137,1.0,0.23875841,-0.22136514,0.030124204,-0.67349917,-1.0517164,0.074727155,-0.6586084,-0.020095458,-0.17509158,-1.2185218,-0.97489935,-0.02439496,-0.99899733,-0.95845336
0.22326402,0.026637875,0.09560248,-0.854381,-0.32255754,0.022476846,0.5822212,-0.29373166,0.0012328022,0.31494945,0.56147796,-0.14535002,-0.18083034,1.0,0.21282373,-0.19192854,0.026981965,-0.87208724,-0.9966811,-0.056959193,-0.65049744,-0.08678163,-0.19914465,-0.9185913,-1.0665948,-0.29003206,-1.0428518,-1.0823629
0.22183701,0.028207624,0.0969051,-0.85214466,-0.30765224,-0.0015917411,0.5829359,-0.29912627,0.004642981,0.3091071,0.56614333,-0.14302774,-0.19829558,1.0,0.22239085,-0.21501505,0.005812805,-0.7719498,-1.0352141,0.038698792,-0.6668343,-0.08933675,-0.16262567,-1.1356025,-1.0164602,-0.20488265,-0.94230753,-1.108503
0.22008948,0.027715648,0.0957614,-0.84091896,-0.33649948,0.013900102,0.58346665,-0.30295163,0.003492673,0.282271,0.5711148,-0.13684182,-0.17400423,1.0,0.19545875,-0.24601206,0.029950464,-0.6165661,-0.96407485,-0.15075818,-0.65051824,-0.08682415,-0.22756167,-0.76582927,-0.99322885,-0.35608992,-0.8731414,-1.5112752
0.22559229,0.029308664,0.098124795,-0.8462667,-0.33338353,0.016601944,0.5836645,-0.29202375,0.0027337973,0.31399843,0.5647254,-0.14279686,-0.17202637,1.0,0.23911351,-0.18626174,0.029600188,-0.7410588,-0.9614773,-0.019593665,-0.68883485,-0.045667276,-0.18378827,-0.9542816,-1.0860978,-0.4345226,-1.1349198,-1.0652627
0.22390391,0.02677306,0.09532144,-0.8428272,-0.33963317,0.023280952,0.58364904,-0.29196933,0.005478671,0.326774,0.57010806,-0.14938843,-0.19857396,1.0,0.21899979,-0.23909904,0.064246126,-0.8631558,-0.9275252,0.0073441714,-0.6751271,-0.011519186,-0.18981718,-0.85417867,-0.99345016,-0.00524801,-1.0104735,-0.8428645
0.22657666,0.026948554,0.09578592,-0.84655285,-0.33288106,0.007656206,0.57844985,-0.29636395,0.0017166378,0.30664247,0.57415915,-0.13561597,-0.22779407,1.0,0.22127138,-0.20155874,0.04272993,-0.5802998,-0.95142925,-0.087910175,-0.63389367,0.0025361534,-0.27088687,-1.2098097,-0.9814999,-0.10663832,-1.049548,-0.97466975
0.2209337,0.02977625,0.09540905,-0.8506111,-0.33809388,0.014896318,0.58686626,-0.3000749,0.005915899,0.3105766,0.5643515,-0.13545878,-0.1945444,1.0,0.22769192,-0.18479511,0.020013476,-0.97651285,-1.041201,-0.2107074,-0.6762148,0.027314771,-0.17399314,-1.0620674,-1.0573121,-0.2741286,-1.0707713,-0.9781931
0.22195111,0.027353996,0.096100666,-0.8465919,-0.3477884,0.024936745,0.5825132,-0.2894165,0.0031673484,0.30521205,0.5562061,-0.16829504,-0.18764335,1.0,0.21433878,-0.21086758,0.020082753,-1.0680197,-0.9775754,-0.073317625,-0.6802419,-0.06767137,-0.17457783,-0.89883435,-1.0471185,-0.09960511,-1.0875686,-1.1118553
0.22032157,0.026382968,0.09586394,-0.84862393,-0.32992417,-0.0020566666,0.5829321,-0.29212087,0.0053410004,0.3365787,0.5600757,-0.12394808,-0.21362332,1.0,0.23494475,-0.19680807,0.0534358,-0.57948625,-1.0104723,-0.008292591,-0.6447082,0.1291593,-0.17973009,-1.1500492,-0.96809494,-0.14884451,-1.3314443,-0.95830595
0.21936038,0.028712718,0.095525086,-0.8448773,-0.33017153,0.023085289,0.58085907,-0.2997087,0.0033975516,0.30985934,0.5665063,-0.14549306,-0.21832582,1.0,0.2133605,-0.1835012,0.047476243,-0.78613687,-0.9856525,0.013903495,-0.61096144,0.053162083,-0.21359791,-0.7644594,-0.9858003,-0.082586184,-1.0944767,-1.473224
0.22078843,0.027482385,0.09595078,-0.84638786,-0.33400187,0.0020852024,0.59199363,-0.29242727,0.0049974914,0.34165588,0.5705068,-0.16056688,-0.2314022,1.0,0.20545806,-0.19882606,0.029041108,-0.7609695,-0.97114295,0.10688418,-0.66588926,-0.09677617,-0.124484524,-0.97622126,-0.9783573,-0.31428823,-0.96450776,-0.86483
0.22055341,0.025565142,0.09551853,-0.8465054,-0.32900035,0.017365664,0.5807495,-0.28532258,0.0042806375,0.30010608,0.5666029,-0.14802502,-0.113517545,1.0,0.20578644,-0.23301771,0.042296812,-0.92403734,-1.0855582,0.070949405,-0.6499772,-0.102689564,-0.17769842,-1.0342693,-1.0183436,-0.27924615,-1.0652988,-0.75515205
0.22292894,0.028100977,0.09646419,-0.85166633,-0.33861986,0.0033885418,0.58888143,-0.2959737,0.0033619213,0.31215185,0.5635126,-0.13792184,-0.23277502,1.0,0.23069137,-0.1710231,0.04117149,-0.6189346,-1.0782037,-0.060349993,-0.6780071,-0.09121628,-0.21714085,-0.63659453,-1.0298375,-0.32131785,-1.0448561,-1.2512459
0.22309497,0.028570607,0.09564413,-0.84757453,-0.3323396,0.022655599,0.5776653,-0.30208853,0.003684627,0.28995577,0.5609037,-0.13772908,-0.2262153,1.0,0.21286921,-0.14776082,0.045121074,-0.7950354,-1.0411607,-0.08308254,-0.67039865,0.067488275,-0.19001655,-0.91438925,-0.98515284,-0.009677067,-1.1773894,-1.2631228
0.22078712,0.027666925,0.09546671,-0.8484341,-0.3330937,0.0072807893,0.5916969,-0.29566965,0.0035341596,0.31761605,0.5604004,-0.16983417,-0.208902,1.0,0.22197638,-0.15088536,0.03222083,-0.8596857,-1.0857588,0.047120906,-0.67007005,-0.15659317,-0.23386443,-1.4009778,-1.0135341,-0.08263712,-1.3639624,-0.9832292
0.22368293,0.027419543,0.09462847,-0.8472738,-0.3549429,0.019898344,0.60047233,-0.30389944,0.0040765405,0.32766318,0.5635945,-0.150825,-0.1256718,1.0,0.23241147,-0.20034765,0.045447685,-1.0435233,-1.0382137,-0.07964958,-0.672245,-0.043281067,-0.24104366,-0.94430006,-1.0819396,-0.17649636,-1.2872398,-1.0910585
0.2223973,0.030310722,0.095297866,-0.8462238,-0.33533663,0.0055337325,0.5893878,-0.2939853,0.0047380356,0.31517774,0.5619206,-0.14768127,-0.22557285,1.0,0.1803073,-0.22286147,0.00039292872,-0.9488211,-1.0926157,0.10015991,-0.6227646,0.03957154,-0.20770258,-1.0425152,-1.0057514,-0.20022048,-0.83247983,-1.0381408
0.21953984,0.028288342,0.09632048,-0.8485123,-0.34168762,0.004978379,0.58386,-0.29267251,0.0049953326,0.32874978,0.57149166,-0.13340138,-0.14087631,1.0,0.2102108,-0.15172255,0.04743596,-0.7538871,-0.96547383,0.06206294,-0.67213947,-0.093050875,-0.21914259,-0.997361,-1.0865602,-0.22104084,-0.9236074,-1.1472566
0.22208098,0.02799084,0.09648575,-0.8532687,-0.33921054,0.019672798,0.5792778,-0.3059536,0.0031934353,0.31444788,0.571314,-0.16373692,-0.16882214,1.0,0.20663543,-0.19345869,0.03558535,-0.6416257,-0.8844196,-0.07362191,-0.6523084,0.058941633,-0.20592205,-0.95576394,-1.0529234,-0.27020565,-0.9727172,-1.0019848
0.22530325,0.028312284,0.0955199,-0.84707505,-0.32775638,0.017745959,0.57999486,-0.28999624,0.002677179,0.29684123,0.56024045,-0.14103642,-0.17349479,1.0,0.21307091,-0.187765,0.025262214,-1.0695508,-0.96540046,-0.13687071,-0.64024526,-0.013019981,-0.20242661,-0.9406275,-0.9554478,-0.17668653,-1.2046533,-0.6626222
0.22209238,0.030388247,0.09545895,-0.8535633,-0.34603563,0.017657276,0.58078563,-0.31105477,0.005473681,0.31128225,0.56953293,-0.13913347,-0.20243062,1.0,0.22038457,-0.18503317,0.07970215,-0.7016429,-1.0264271,-0.13798785,-0.6143173,-0.078820854,-0.1854947,-1.1398724,-0.97502583,-0.14199269,-1.6670698,-0.88039017
0.2198088,0.027326925,0.096898705,-0.8515807,-0.3551898,0.014713225,0.58452773,-0.29890743,0.0038817879,0.29477912,0.56028086,-0.14132932,-0.2041366,1.0,0.2021247,-0.21666592,0.045110233,-0.67114455,-0.9370352,-0.1048099,-0.6654126,-0.07928701,-0.22102883,-0.8555284,-1.0051122,-0.1888191,-1.2578969,-0.8215508
0.22472075,0.03062683,0.0953482,-0.8437433,-0.34330773,0.021491114,0.5807955,-0.28604582,0.0033744322,0.29807803,0.5634288,-0.14955364,-0.203869,1.0,0.1960603,-0.21605645,0.047438502,-0.4038476,-0.98242575,0.022255927,-0.686711,-0.06948573,-0.19378851,-1.1309311,-0.99735194,-0.26371512,-0.5722605,-1.0021001
0.22372082,0.026376313,0.09635698,-0.8519697,-0.3419979,0.02181713,0.5873658,-0.28381813,0.0022856656,0.2929523,0.5890678,-0.14043818,-0.16790909,1.0,0.22587588,-0.1487042,0.08331149,-1.1552541,-1.0226731,-0.0005545281,-0.65388143,-0.02023404,-0.22667852,-0.9202404,-0.94102764,-0.13848636,-0.7732751,-1.2644553
0.21959397,0.028223123,0.09563143,-0.845404,-0.32239357,0.025867058,0.5850179,-0.2865795,0.0045054955,0.2865001,0.57328486,-0.12986499,-0.15818915,1.0,0.24549162,-0.17907421,0.025780356,-0.6105355,-1.0204117,0.11106357,-0.7053574,0.041492388,-0.25931364,-0.9668223,-1.103641,-0.35659945,-1.1928499,-0.66704607
0.2139985,0.027440162,0.09547179,-0.8475491,-0.33337677,0.017761774,0.58309984,-0.29651654,0.0063400036,0.31841847,0.5531803,-0.15335464,-0.16782686,1.0,0.21244074,-0.19468924,0.025319356,-0.98652375,-1.082457,0.15313515,-0.61565846,-0.0043974277,-0.27162126,-1.0951923,-1.1559017,0.12710413,-0.58331656,-0.78386337
0.21837977,0.028148731,0.09466743,-0.84505594,-0.34019816,0.014728911,0.59063464,-0.2998357,0.00062614144,0.29126832,0.5731514,-0.14159684,-0.16148825,1.0,0.25508335,-0.19250348,0.03583829,-0.7996895,-1.0192778,0.019285113,-0.68982565,-0.031980537,-0.19323878,-1.317789,-1.0701959,0.061543673,-0.8886782,-1.4406469
0.21772474,0.0278855,0.09686747,-0.851795,-0.3335331,0.012759281,0.5805921,-0.2852187,0.0047740415,0.30521974,0.5696486,-0.1319317,-0.1827256,1.0,0.20544063,-0.22535075,0.034164492,-0.53333193,-1.0423592,-0.025821503,-0.65539056,0.08119693,-0.2525939,-0.75286376,-0.98520046,-0.09443174,-0.8270711,-1.2957088
0.21839668,0.026670037,0.09514643,-0.84609723,-0.3330271,0.014931575,0.5774322,-0.29132324,0.0024436456,0.30194962,0.556662,-0.12223035,-0.20671676,1.0,0.19712095,-0.20667954,0.047656875,-1.1321818,-0.9592609,0.10286498,-0.674861,-0.0011620894,-0.21690074,-1.0744545,-0.98456013,-0.09682588,-1.2566444,-1.2504482
0.21906035,0.027164426,0.0963193,-0.8477852,-0.3474201,0.002719392,0.5819038,-0.298852,0.0033018384,0.2983624,0.5753742,-0.1640812,-0.20264006,1.0,0.19870226,-0.16420391,0.0033568814,-0.6755596,-1.0025676,-0.19072907,-0.6682608,0.052664645,-0.17367402,-0.78201646,-1.0653338,-0.47747767,-0.97121924,-1.3976628
0.222127,0.028722493,0.09529264,-0.83866435,-0.32723263,0.014831463,0.5910108,-0.28712896,0.0063505187,0.32185715,0.58808863,-0.13133505,-0.19216691,1.0,0.1943441,-0.19065662,0.037662286,-0.9262213,-0.9986724,-0.19916935,-0.6807146,-0.03034255,-0.21285884,-0.81437415,-0.88481677,-0.3625214,-1.0286802,-0.93991035
0.2220212,0.027999312,0.09612845,-0.85302347,-0.33312252,0.017339678,0.5885461,-0.28494316,0.004048791,0.29575446,0.54817194,-0.1532917,-0.2087202,1.0,0.23951913,-0.22176407,0.02766107,-0.70716864,-1.0605192,0.044905797,-0.65511155,-0.027094815,-0.16889253,-1.2383103,-0.97091323,-0.018494159,-1.0014628,-0.9944979
0.22328849,0.026888931,0.09537503,-0.8540415,-0.31858927,0.022914523,0.5815159,-0.29301187,0.0012935817,0.31435907,0.5623541,-0.14572403,-0.19282325,1.0,0.21320236,-0.19170628,0.027479678,-0.8905758,-0.9932308,-0.056345664,-0.64861715,-0.07529925,-0.19526827,-0.86078215,-1.0731394,-0.28091705,-1.0408663,-1.0804298
0.22149412,0.028083973,0.09690394,-0.85282916,-0.30812177,-0.0003232723,0.5828852,-0.29988167,0.004140469,0.30721962,0.5637636,-0.14016591,-0.20504259,1.0,0.22361462,-0.21518207,0.010363232,-0.79249823,-1.0273998,0.041427366,-0.6672894,-0.076702066,-0.15838555,-1.1365131,-1.0076056,-0.21021359,-0.92542803,-1.0404975
0.21999113,0.027587865,0.09570525,-0.8409953,-0.33587044,0.011964943,0.5844698,-0.3015221,0.0040111504,0.28123176,0.5702336,-0.13817763,-0.16274798,1.0,0.19785546,-0.24505,0.028338296,-0.6318951,-0.9614942,-0.13266307,-0.6465772,-0.07025957,-0.22736697,-0.8011217,-0.99468416,-0.32960996,-0.8400566,-1.5687432
0.22652782,0.029467285,0.09801687,-0.8457852,-0.33366844,0.01747265,0.58427584,-0.29153317,0.0032681134,0.31381562,0.5642556,-0.13899836,-0.17018293,1.0,0.23753002,-0.18261297,0.03136317,-0.7610605,-0.9583924,-0.017708354,-0.69166607,-0.051673792,-0.18162428,-0.9611019,-1.0795726,-0.4260083,-1.1323813,-1.1290365
0.2234542,0.026642678,0.095311865,-0.8426513,-0.34238815,0.026463754,0.5839656,-0.2944069,0.0053559383,0.32462728,0.57022536,-0.14494562,-0.20062102,1.0,0.22069217,-0.2373741,0.06414679,-0.87431437,-0.9228953,0.008273482,-0.6804412,-0.0019776449,-0.18385515,-0.86002177,-1.0005095,-0.036212504,-1.0210335,-0.8410605
0.22674693,0.027082257,0.09568918,-0.84697175,-0.32811153,0.006831887,0.5782555,-0.29560503,0.0017060926,0.3078664,0.5740755,-0.13580517,-0.22912508,1.0,0.2197997,-0.19787352,0.044824585,-0.57637244,-0.9526651,-0.1007878,-0.63357145,0.032769606,-0.26941225,-1.1895175,-0.9707058,-0.11634828,-1.0447985,-0.9370135
0.22045228,0.02984803,0.09553451,-0.85173804,-0.3399496,0.015403511,0.5877751,-0.30108103,0.0060981964,0.30646655,0.56494755,-0.13299534,-0.1869787,1.0,0.22638775,-0.18398629,0.020687955,-0.958056,-1.0416867,-0.21428983,-0.67489594,0.031907417,-0.17222044,-1.056802,-1.0631667,-0.2956286,-1.036779,-0.9783648
0.2222911,0.027390987,0.0959048,-0.84626776,-0.3492523,0.023815457,0.58324385,-0.28969792,0.003202937,0.30790788,0.55824804,-0.1713791,-0.18432157,1.0,0.21197811,-0.21287982,0.018787008,-1.0637944,-0.97957104,-0.07510111,-0.68012315,-0.054817125,-0.17021784,-0.9406337,-1.0579814,-0.11593345,-1.0436821,-1.1236153
0.22082907,0.026444547,0.095980674,-0.849036,-0.33198917,-0.0033869948,0.5824715,-0.29181617,0.0053047244,0.34021506,0.55903935,-0.122133285,-0.2133885,1.0,0.2312283,-0.19192047,0.05599889,-0.60270286,-1.0127743,-0.017332429,-0.6511637,0.12323947,-0.17213921,-1.1535164,-0.9619496,-0.16974312,-1.3830448,-0.9575284
0.21926121,0.028600795,0.09544393,-0.8446966,-0.32906047,0.020796217,0.5814625,-0.30074337,0.0035147122,0.3113765,0.5662831,-0.14549491,-0.20902151,1.0,0.21695378,-0.18225941,0.048258834,-0.7975349,-0.987743,0.037309557,-0.61763036,0.05638522,-0.20313597,-0.7321718,-0.9966115,-0.09554266,-1.1036727,-1.4683461
0.22068311,0.027339494,0.09585535,-0.84619963,-0.3343943,0.005476548,0.59186214,-0.29464102,0.0048622466,0.3439293,0.5678439,-0.15739979,-0.23557132,1.0,0.20680025,-0.19790404,0.032294072,-0.7470286,-0.9802202,0.13958304,-0.6686404,-0.117028624,-0.1280374,-0.93034494,-0.98280084,-0.3470289,-1.004994,-0.8580961
0.22086692,0.025560759,0.09559423,-0.84619397,-0.32674888,0.018096473,0.5805523,-0.28647316,0.0044376967,0.2991894,0.5660353,-0.15022631,-0.1075263,1.0,0.207953,-0.23225802,0.04094141,-0.9233737,-1.0944233,0.08960581,-0.6451881,-0.10953453,-0.18015449,-1.0079541,-1.0180229,-0.28891718,-1.0974864,-0.7956476
0.22238848,0.028079584,0.09652327,-0.85190815,-0.3384687,0.0029805796,0.5887314,-0.29610753,0.0032410554,0.31284136,0.56396145,-0.13718458,-0.23337862,1.0,0.23538809,-0.17399186,0.044396088,-0.5566108,-1.0685354,-0.06469731,-0.6770232,-0.10208359,-0.21837892,-0.5990937,-1.0389718,-0.32102352,-1.0667584,-1.2354921
0.22270015,0.028418474,0.09583169,-0.84789675,-0.33343723,0.022300802,0.5785488,-0.30331331,0.0036685702,0.2856481,0.5591522,-0.14181474,-0.22714594,1.0,0.20882334,-0.14220288,0.046135858,-0.8202754,-1.0420234,-0.083183005,-0.66567844,0.053989254,-0.19079462,-0.91023743,-0.9731117,0.0072170645,-1.1787051,-1.2531867
0.22127776,0.0279587,0.09536823,-0.8477448,-0.33071733,0.0066839834,0.5903598,-0.29453623,0.0035862436,0.3148365,0.5606199,-0.17102903,-0.21442294,1.0,0.22492498,-0.1515156,0.029531144,-0.8713736,-1.0875884,0.027617224,-0.67381066,-0.16695286,-0.22902451,-1.3580015,-1.0215542,-0.051771402,-1.3658199,-1.0084665
0.22363655,0.027414057,0.0946287,-0.84739554,-0.35502803,0.019902535,0.60061425,-0.30385754,0.0040886737,0.32769874,0.5636479,-0.1509223,-0.12543249,1.0,0.23233978,-0.20070699,0.04574232,-1.0426773,-1.0375443,-0.0799326,-0.673022,-0.04419988,-0.24055517,-0.94551635,-1.0823783,-0.17587207,-1.2886611,-1.0916091
0.22235888,0.03032804,0.09530325,-0.8461261,-0.33522773,0.005650478,0.5894149,-0.29405808,0.0047452906,0.31489298,0.5619079,-0.14815271,-0.22604,1.0,0.1800895,-0.22269967,0.00026245043,-0.9440987,-1.0927085,0.0992458,-0.6223812,0.03811323,-0.20796372,-1.0390598,-1.0064013,-0.20217708,-0.8317361,-1.040002
0.21950096,0.028290575,0.096328564,-0.8485849,-0.3417721,0.004896185,0.5838024,-0.29266146,0.0050004083,0.32881418,0.57143474,-0.13361904,-0.13995247,1.0,0.21032566,-0.15172885,0.047585353,-0.7551317,-0.96541077,0.0623212,-0.67246485,-0.09364349,-0.21955489,-0.9962353,-1.0864205,-0.22146511,-0.92753196,-1.1523541
0.22208057,0.027997375,0.096487805,-0.85319185,-0.33903235,0.019577332,0.57922935,-0.30581233,0.0031884785,0.31462544,0.57137036,-0.16379733,-0.1693729,1.0,0.20649894,-0.1935539,0.035888076,-0.6391029,-0.8836235,-0.07330376,-0.65218925,0.057391763,-0.20604412,-0.95496297,-1.0540231,-0.26819283,-0.97470814,-1.0004843
0.22526637,0.028311335,0.09551857,-0.84702134,-0.3276563,0.017815096,0.5800129,-0.2900103,0.0026683817,0.2969658,0.56034184,-0.14120844,-0.17367715,1.0,0.21324772,-0.18697815,0.024984606,-1.0733151,-0.9660322,-0.13696963,-0.64062893,-0.012966296,-0.20190379,-0.94002104,-0.9557608,-0.17670847,-1.2094193,-0.660879
0.22211133,0.030391188,0.09545738,-0.85369235,-0.34579608,0.017663205,0.58090425,-0.31127355,0.0054498115,0.3112647,0.5694788,-0.1392282,-0.20304994,1.0,0.22067729,-0.18466057,0.079926424,-0.7046182,-1.0269535,-0.13662249,-0.61410135,-0.079671785,-0.18546261,-1.1418757,-0.9757932,-0.14530465,-1.6687698,-0.8790653
0.21986571,0.027340647,0.09690351,-0.85159683,-0.35511848,0.014526587,0.58442676,-0.29894152,0.003883554,0.29471555,0.5601825,-0.14128818,-0.20439619,1.0,0.20187669,-0.21699083,0.045202628,-0.668974,-0.936236,-0.10479505,-0.66526884,-0.07924859,-0.2207262,-0.8553948,-1.00536,-0.18722706,-1.2603711,-0.8215462
0.22471368,0.030639457,0.09535974,-0.84372747,-0.34367278,0.02159738,0.58082986,-0.28604126,0.0033854512,0.2978685,0.56323975,-0.14925033,-0.20412523,1.0,0.19653967,-0.2159638,0.047131874,-0.4005686,-0.9822087,0.022026919,-0.6867373,-0.06858547,-0.19375384,-1.1336265,-0.9974195,-0.26425892,-0.5650786,-1.0067775
0.22375226,0.026376948,0.096366994,-0.8519527,-0.34215498,0.021822136,0.5873389,-0.2838667,0.0022825452,0.29295975,0.5891998,-0.14049344,-0.1671183,1.0,0.22604592,-0.14839478,0.08334157,-1.1592506,-1.0219618,0.000985384,-0.6540122,-0.020175913,-0.226405,-0.91898245,-0.9391446,-0.14109877,-0.7752564,-1.2727773
0.21956769,0.028216248,0.09564054,-0.84541214,-0.3222938,0.02611917,0.5850489,-0.28676894,0.0044931583,0.28638735,0.573117,-0.1297556,-0.15830052,1.0,0.24529445,-0.17862998,0.026343707,-0.6094574,-1.0202501,0.1106545,-0.70643586,0.04112728,-0.25994727,-0.9663662,-1.1026094,-0.35921842,-1.1956007,-0.66475105
0.21397318,0.027447259,0.095484585,-0.8475859,-0.3334894,0.01782148,0.58312654,-0.29636002,0.006352026,0.318446,0.55318266,-0.15337174,-0.1680962,1.0,0.2123478,-0.19496258,0.025390338,-0.9834943,-1.0822412,0.15274203,-0.6153237,-0.0038371272,-0.2712205,-1.0949181,-1.1565293,0.1290341,-0.5796408,-0.784065
0.21845934,0.028161453,0.09468192,-0.84511095,-0.34036484,0.014789501,0.59068245,-0.2998561,0.00057807355,0.29118407,0.57306266,-0.1417674,-0.16101144,1.0,0.25495303,-0.19246843,0.03561173,-0.80313563,-1.0188364,0.021484189,-0.68996066,-0.03262876,-0.19237188,-1.3174006,-1.0706964,0.061689556,-0.88755906,-1.4364173
0.21775702,0.027902495,0.096868634,-0.8516836,-0.3332165,0.012656183,0.5805043,-0.28528,0.0047792513,0.30479214,0.5694433,-0.13202292,-0.18287581,1.0,0.20506632,-0.22613269,0.03408979,-0.5320734,-1.0424714,-0.025567794,-0.65548766,0.08310771,-0.25232568,-0.7508429,-0.9852328,-0.090604,-0.82549036,-1.2939568
0.21835203,0.026658777,0.09514679,-0.8460134,-0.33290264,0.014928586,0.5774127,-0.29133338,0.0024332579,0.30193552,0.55650455,-0.12247324,-0.20659275,1.0,0.19719943,-0.20667072,0.04789242,-1.1321118,-0.96036696,0.10362768,-0.6750824,-0.00061146915,-0.21618772,-1.0737368,-0.98324764,-0.096599974,-1.2597953,-1.2569838
0.21905164,0.027161146,0.09632684,-0.84777623,-0.34753782,0.0025813337,0.58195883,-0.29878175,0.0033184418,0.2984907,0.5753425,-0.16423148,-0.20188624,1.0,0.198887,-0.16440624,0.0035071038,-0.6746129,-1.0028303,-0.19036226,-0.66865224,0.052269615,-0.17270312,-0.77917016,-1.0665247,-0.47784346,-0.97088045,-1.3924816
0.22216414,0.02873134,0.09527275,-0.8387502,-0.3271506,0.014730372,0.59114707,-0.28706324,0.0063496693,0.3218048,0.58806425,-0.13122486,-0.19203621,1.0,0.19412339,-0.19030319,0.037467156,-0.9280767,-0.99929756,-0.19942553,-0.680884,-0.02981731,-0.21260402,-0.810394,-0.8849556,-0.36191523,-1.0347743,-0.9418553
0.22204411,0.028019657,0.096144825,-0.8530699,-0.33305222,0.017504167,0.58856165,-0.28485677,0.0040462394,0.29584864,0.54817873,-0.15329164,-0.20918503,1.0,0.23950444,-0.22195297,0.027505603,-0.706689,-1.0603049,0.045643732,-0.65493596,-0.029156847,-0.16965827,-1.2378064,-0.9698884,-0.021061733,-1.004177,-0.99614644
0.22329824,0.026902346,0.09537826,-0.85395217,-0.31857026,0.02293086,0.58144265,-0.29301578,0.001291432,0.31438544,0.562312,-0.1457281,-0.19287287,1.0,0.2133028,-0.19236791,0.027667958,-0.8913908,-0.9938019,-0.05514175,-0.6482341,-0.07474938,-0.19492753,-0.8623057,-1.0720897,-0.27931273,-1.0386182,-1.0807624
0.22151025,0.028076038,0.096898474,-0.8527349,-0.308213,-0.00020525511,0.5828353,-0.2997449,0.0041413186,0.30704716,0.5637487,-0.14048561,-0.20530988,1.0,0.22384506,-0.21518168,0.01065634,-0.79551685,-1.0267947,0.043177374,-0.6673864,-0.07817854,-0.15836027,-1.134329,-1.0079387,-0.21119401,-0.9269122,-1.0390573
0.2199703,0.027592897,0.0957011,-0.84094054,-0.335889,0.011933843,0.58446467,-0.30154577,0.004013127,0.28121674,0.5703153,-0.13822469,-0.16254942,1.0,0.19771089,-0.24501902,0.028763965,-0.6300844,-0.96287405,-0.12884542,-0.64651084,-0.06921083,-0.22770295,-0.7966479,-0.9943389,-0.32835078,-0.83651495,-1.5739372
0.22649805,0.029493101,0.098011136,-0.84577423,-0.33360752,0.017526496,0.5842647,-0.29139724,0.003246582,0.3135653,0.5645363,-0.13885854,-0.17146589,1.0,0.23756984,-0.18298599,0.031769473,-0.7572049,-0.9571017,-0.020353477,-0.69187284,-0.052304957,-0.18243778,-0.9607661,-1.0804653,-0.42628622,-1.1369246,-1.1286845
0.22339793,0.02663869,0.09530132,-0.8426407,-0.34250936,0.026348345,0.5839798,-0.29422036,0.0053610043,0.32510635,0.5701512,-0.14538595,-0.20022643,1.0,0.22090095,-0.23749474,0.063657574,-0.8739622,-0.9226071,0.008430835,-0.6802089,-0.00054409355,-0.18397315,-0.86363924,-1.0016772,-0.03697747,-1.018048,-0.84241253
0.226749,0.027069313,0.0956843,-0.84702986,-0.3278513,0.0067461845,0.5783536,-0.2956677,0.0016908906,0.30770388,0.57403994,-0.13613173,-0.22988614,1.0,0.22010726,-0.19754733,0.044644583,-0.5724735,-0.9532175,-0.10199899,-0.633376,0.033168998,-0.26959834,-1.1878482,-0.9707418,-0.116693854,-1.0436232,-0.9366929
0.22047871,0.029846903,0.095543355,-0.8517386,-0.3401126,0.015540181,0.5878246,-0.30116922,0.006109172,0.30649436,0.56496346,-0.13286681,-0.18664311,1.0,0.22642921,-0.18397221,0.020434076,-0.95556056,-1.0434402,-0.21666194,-0.67498493,0.032550685,-0.17296009,-1.0598437,-1.0641164,-0.29387382,-1.0374005,-0.9820887
0.22229925,0.027400387,0.09592197,-0.846298,-0.34927964,0.023847848,0.5831806,-0.28975418,0.0031915435,0.3078417,0.55816364,-0.17173296,-0.18402578,1.0,0.21227771,-0.21307865,0.018500729,-1.0636718,-0.9795504,-0.074752584,-0.67968297,-0.054712288,-0.17035945,-0.9384024,-1.0572305,-0.116456084,-1.0399398,-1.1220138
0.2208036,0.026438756,0.095988065,-0.8490555,-0.33217996,-0.0037408574,0.5824432,-0.29173326,0.005306609,0.3402333,0.5590195,-0.12200804,-0.21360949,1.0,0.23108152,-0.19214465,0.05594804,-0.60145664,-1.0132493,-0.017795244,-0.6511028,0.12205152,-0.17188445,-1.1538396,-0.96194047,-0.16841751,-1.3859501,-0.9572805
0.21925098,0.028600542,0.09544828,-0.84466106,-0.3292188,0.020827845,0.5814246,-0.30087352,0.003507219,0.31088504,0.56617624,-0.14508566,-0.20788409,1.0,0.21681327,-0.18259598,0.048605897,-0.80068433,-0.98891217,0.036900513,-0.61729914,0.055407785,-0.20369363,-0.7311091,-0.9971655,-0.09637742,-1.1033005,-1.4763668
0.22072648,0.027326094,0.09586177,-0.84618384,-0.3342096,0.00553046,0.5919071,-0.29477078,0.004823273,0.3445292,0.56791204,-0.15735017,-0.2355789,1.0,0.20690256,-0.19758329,0.032279145,-0.7469093,-0.97957915,0.14205523,-0.6685021,-0.1191827,-0.12766555,-0.9344671,-0.98120826,-0.34726092,-1.0060563,-0.8541367
0.22085431,0.025578689,0.09558135,-0.84612036,-0.3265918,0.018071197,0.5806329,-0.2866538,0.004438229,0.29922318,0.5662404,-0.15050434,-0.10757489,1.0,0.20806172,-0.23197451,0.04108249,-0.92517346,-1.0942221,0.09399703,-0.64519155,-0.107683256,-0.1800111,-1.0048864,-1.0180141,-0.2884539,-1.1010169,-0.79760325
0.22236346,0.028066916,0.09651759,-0.85194796,-0.33845696,0.002814928,0.5887318,-0.29615527,0.0032591647,0.31284955,0.5638158,-0.13736205,-0.2333035,1.0,0.23561831,-0.17379701,0.044674147,-0.5561521,-1.0687282,-0.06379588,-0.67707145,-0.1020682,-0.21838188,-0.5969839,-1.0399966,-0.32256994,-1.0631204,-1.2318513
0.22273238,0.02841252,0.09582059,-0.8479776,-0.33328873,0.022176508,0.57845366,-0.30325496,0.0036838683,0.28594735,0.5590353,-0.14188048,-0.22689965,1.0,0.20867234,-0.1417503,0.045865484,-0.8218171,-1.0420158,-0.08149499,-0.6657636,0.05470515,-0.19057521,-0.9107859,-0.97447443,0.006300688,-1.1701525,-1.2510151
0.22126509,0.027941575,0.09535956,-0.8476025,-0.33084404,0.00662924,0.5904147,-0.2943889,0.003583795,0.31463817,0.5604763,-0.17116073,-0.21460241,1.0,0.22508948,-0.15142907,0.029750431,-0.87496495,-1.0866048,0.028261535,-0.6738209,-0.16806276,-0.22976175,-1.3613756,-1.021292,-0.04738553,-1.3635517,-1.0129136
0.22363654,0.027413731,0.094628274,-0.84740096,-0.35503277,0.01990921,0.6006166,-0.30385095,0.0040893652,0.32770497,0.5636423,-0.15093023,-0.12545976,1.0,0.23232332,-0.20073377,0.045758042,-1.0427366,-1.0375464,-0.07998508,-0.6730438,-0.04423044,-0.24052691,-0.945408,-1.082423,-0.17569534,-1.2890358,-1.0913525
0.22235723,0.03032827,0.09530326,-0.84612614,-0.33522367,0.0056464747,0.58941877,-0.29405612,0.004744727,0.31491864,0.56189865,-0.14815293,-0.22606829,1.0,0.18009952,-0.22267985,0.00024328753,-0.9440811,-1.0926862,0.09916501,-0.6223729,0.038078345,-0.20796216,-1.0388455,-1.0063789,-0.20231302,-0.83197254,-1.0400991
0.21949811,0.02829048,0.09632851,-0.84857893,-0.3417888,0.004901873,0.5838043,-0.29266244,0.0050000926,0.32882947,0.57143134,-0.13362806,-0.13993883,1.0,0.2103069,-0.15174285,0.047579948,-0.7550954,-0.965413,0.06227567,-0.67250675,-0.09357745,-0.21958116,-0.996136,-1.086342,-0.22133853,-0.92781055,-1.1525856
0.22207807,0.027997341,0.09648903,-0.85319144,-0.3390222,0.019565843,0.57922274,-0.30580527,0.0031894676,0.31463805,0.5713742,-0.1637885,-0.16940567,1.0,0.20648895,-0.19355482,0.035882995,-0.6388422,-0.8836244,-0.07347418,-0.6521831,0.057350874,-0.20604555,-0.9546895,-1.0540053,-0.26815224,-0.9749882,-1.000581
0.22526535,0.028311592,0.09551848,-0.8470248,-0.32765007,0.01780801,0.5800153,-0.29000825,0.0026673079,0.29696292,0.5603573,-0.14120793,-0.17365701,1.0,0.213259,-0.18698908,0.025004093,-1.07333,-0.96605396,-0.13704592,-0.64065295,-0.013014311,-0.2018756,-0.93980455,-0.95580715,-0.17674623,-1.2094506,-0.660591
0.22211131,0.030389935,0.095456846,-0.85370094,-0.34579378,0.017658861,0.5809042,-0.31128052,0.0054500317,0.31128374,0.5694807,-0.13922398,-0.2030725,1.0,0.22069234,-0.18465689,0.07994291,-0.7047692,-1.026987,-0.13661891,-0.6140815,-0.07967545,-0.18548872,-1.1418844,-0.97578686,-0.14548826,-1.6685419,-0.87900597
0.21986659,0.027340667,0.09690307,-0.8516012,-0.35510087,0.014520233,0.5844241,-0.29894683,0.0038832242,0.2947049,0.56019074,-0.1412776,-0.20441723,1.0,0.20186938,-0.21700561,0.045196358,-0.6686709,-0.93623483,-0.10488258,-0.66525376,-0.07922166,-0.22068992,-0.8553569,-1.005414,-0.18718672,-1.2603608,-0.8217522
0.22471078,0.030638993,0.0953598,-0.843732,-0.34367737,0.021605834,0.5808339,-0.28604504,0.0033855583,0.29787076,0.5632378,-0.14925094,-0.20417869,1.0,0.19654727,-0.21594034,0.047098286,-0.40049356,-0.98218805,0.022038743,-0.6867281,-0.0684921,-0.19374621,-1.1334816,-0.99752045,-0.26419538,-0.56493485,-1.0068736
0.22374944,0.02637663,0.09636685,-0.8519534,-0.34216052,0.021819476,0.5873401,-0.28386694,0.002281831,0.2929547,0.58920324,-0.14049232,-0.16706854,1.0,0.22604816,-0.14837585,0.08334787,-1.1591656,-1.0219736,0.0010603592,-0.6540261,-0.020121377,-0.2264174,-0.9188527,-0.9391339,-0.14113802,-0.77498317,-1.2732158
0.21957047,0.02821586,0.09564135,-0.84541243,-0.32227758,0.026117451,0.58504707,-0.28677034,0.00449291,0.286382,0.57311267,-0.12975124,-0.1582962,1.0,0.24529186,-0.17861816,0.026339788,-0.6096176,-1.0202606,0.110562965,-0.70646363,0.041087195,-0.25994334,-0.9663385,-1.1025307,-0.35923123,-1.1955498,-0.6647196
0.21397032,0.02744804,0.09548464,-0.8475871,-0.33348736,0.017829383,0.5831225,-0.29635096,0.006351119,0.3184283,0.5531818,-0.15337011,-0.1681312,1.0,0.21234114,-0.19498268,0.025397051,-0.98353785,-1.0822433,0.1525718,-0.61528224,-0.0038831346,-0.271209,-1.0949845,-1.1565524,0.12906215,-0.5797043,-0.78405315
0.21846494,0.028162394,0.094682425,-0.84511304,-0.34036434,0.014795457,0.59067947,-0.29986483,0.0005757236,0.29118323,0.57306004,-0.1417695,-0.16099381,1.0,0.25496307,-0.19244798,0.035591736,-0.80335015,-1.0188313,0.021432549,-0.68997586,-0.03273814,-0.19231054,-1.3175006,-1.0706638,0.0615772,-0.8874537,-1.4358934
0.21775705,0.02790293,0.09686826,-0.85167724,-0.3332069,0.012648182,0.580502,-0.2852857,0.004781333,0.30476162,0.56943303,-0.13203812,-0.18286532,1.0,0.20504028,-0.22615029,0.034095146,-0.5319761,-1.0424094,-0.025606107,-0.65548223,0.083137475,-0.25228572,-0.7507723,-0.9851896,-0.09057909,-0.82534564,-1.2937274
0.21835434,0.026658392,0.09514695,-0.8460091,-0.33290118,0.014939707,0.57740563,-0.2913312,0.002430581,0.30192575,0.5564941,-0.12247595,-0.2065731,1.0,0.19720086,-0.20664845,0.047878105,-1.1322379,-0.96044177,0.1036855,-0.67508805,-0.0005499795,-0.21612972,-1.073916,-0.9831348,-0.09663004,-1.2599097,-1.2570846
0.21905212,0.027160628,0.09632743,-0.8477749,-0.34753102,0.0025729416,0.5819607,-0.2987825,0.0033204926,0.29849228,0.57534283,-0.1642384,-0.20185176,1.0,0.19889775,-0.16442204,0.003521122,-0.6744362,-1.0028684,-0.19036831,-0.6686702,0.05223959,-0.17268877,-0.7789909,-1.0666175,-0.47784123,-0.97088635,-1.3921459
0.222162,0.028732479,0.095271766,-0.83875245,-0.32714468,0.014723437,0.5911508,-0.28705877,0.006349708,0.32180715,0.5880607,-0.13122977,-0.19201341,1.0,0.19413143,-0.19031307,0.037451766,-0.9282031,-0.9993256,-0.19944973,-0.6808737,-0.029812183,-0.21260852,-0.8101091,-0.8849155,-0.36171633,-1.0349678,-0.9416951
0.22204645,0.028020462,0.09614511,-0.85306835,-0.33304647,0.017516395,0.58856106,-0.28485432,0.0040477067,0.29585287,0.5481786,-0.1532873,-0.20921311,1.0,0.23952344,-0.22196376,0.02748444,-0.7067668,-1.0602896,0.045528263,-0.6549233,-0.029350877,-0.16968964,-1.2376852,-0.9699198,-0.021092728,-1.0045004,-0.99622816
0.22329974,0.026901992,0.0953796,-0.8539487,-0.3185625,0.022915635,0.58144003,-0.2930156,0.0012920729,0.31438738,0.56230867,-0.14573185,-0.19284883,1.0,0.21329284,-0.19239192,0.027663462,-0.891303,-0.9938419,-0.055125676,-0.6482222,-0.07471683,-0.19488473,-0.86232847,-1.0720576,-0.27902976,-1.0384954,-1.0811877
0.22151037,0.028075669,0.09689841,-0.8527248,-0.30821434,-0.00020138267,0.58284014,-0.29974118,0.004141954,0.3070544,0.56374615,-0.14048216,-0.20530322,1.0,0.22384791,-0.21516395,0.010654775,-0.7955081,-1.0267972,0.043142572,-0.66739523,-0.07817368,-0.15841508,-1.1343222,-1.0079522,-0.21118914,-0.92694986,-1.0388472
0.21997172,0.02759414,0.09570182,-0.84093875,-0.33589417,0.011929253,0.5844655,-0.30154833,0.004012166,0.28121293,0.57031876,-0.13822682,-0.16255361,1.0,0.19770081,-0.24502134,0.028787566,-0.6298836,-0.9628941,-0.12891272,-0.6464999,-0.069253094,-0.22771429,-0.79642874,-0.99433243,-0.328311,-0.8365448,-1.5741109
