timestamp,imu_angle_roll,imu_angle_pitch,imu_angle_yaw,imu_angular_velocity_roll,imu_angular_velocity_pitch,imu_angular_velocity_yaw,imu_acc_x,imu_acc_y,imu_acc_z,fl_joint1_pos,fl_joint1_vel,fl_joint1_torque,fl_joint2_pos,fl_joint2_vel,fl_joint2_torque,fl_joint3_pos,fl_joint3_vel,fl_joint3_torque,fr_joint1_pos,fr_joint1_vel,fr_joint1_torque,fr_joint2_pos,fr_joint2_vel,fr_joint2_torque,fr_joint3_pos,fr_joint3_vel,fr_joint3_torque,hl_joint1_pos,hl_joint1_vel,hl_joint1_torque,hl_joint2_pos,hl_joint2_vel,hl_joint2_torque,hl_joint3_pos,hl_joint3_vel,hl_joint3_torque,hr_joint1_pos,hr_joint1_vel,hr_joint1_torque,hr_joint2_pos,hr_joint2_vel,hr_joint2_torque,hr_joint3_pos,hr_joint3_vel,hr_joint3_torque,fl_force_x,fl_force_y,fl_force_z,fr_force_x,fr_force_y,fr_force_z,hl_force_x,hl_force_y,hl_force_z,hr_force_x,hr_force_y,hr_force_z,fl_hip_action,fl_thigh_action,fl_calf_action,fr_hip_action,fr_thigh_action,fr_calf_action,hl_hip_action,hl_thigh_action,hl_calf_action,hr_hip_action,hr_thigh_action,hr_calf_action
2025-06-04 11:20:00.108,-0.494559,-0.923295,-0.081879,0.0010093239,0.004360845,0.00082583743,0.165483,-0.091128,9.808496,-0.0104904175,-0.0283432,0.42420197,-0.9870097,-0.021858215,-0.35461807,1.9033436,-0.060005188,-4.8297844,0.012550354,0.016593933,-0.5914383,-0.9817558,-0.057182312,-0.53406525,1.9051669,-0.016593933,-4.848095,-0.014159098,0.053901672,0.68177414,-0.9758877,-0.048484802,-0.88319397,1.9315293,-0.015449524,-6.061493,0.015303507,0.0033187866,-0.6366081,-0.9791618,-0.002861023,-0.6549187,1.9348022,-0.0065231323,-6.126194,0.0,0.0,0.0,0.0,0.0,0.0,0.0,0.0,0.0,0.0,0.0,0.0,-1.0,1.0,-1.0,-1.0,1.0,1.0,1.0,-1.0,-1.0,1.0,1.0,-1.0
2025-06-04 11:20:00.160,-0.654862,0.178015,-1.124929,0.28802773,0.9766605,-1.4145558,-4.001081,-6.543687,14.158183,-0.050468445,-0.5059433,0.19470596,-0.9088084,1.254921,11.131153,1.8465046,-1.3985062,-7.4811935,-0.01865387,-0.8319473,0.021362305,-0.870977,3.9822807,-0.24231339,1.9508669,1.0382462,0.6268425,0.027268514,1.2056351,-1.1859322,-1.0614896,-3.4382286,-5.658657,1.8805649,-2.6314201,-4.695507,0.050017253,0.8023453,-0.95887756,-0.84358746,3.2289543,0.23865128,1.8486663,-2.0714226,-4.9347687,0.0,0.0,0.0,0.0,0.0,0.0,0.0,0.0,0.0,0.0,0.0,0.0,-1.0,1.0,-1.0,-1.0,1.0,1.0,1.0,-1.0,-1.0,1.0,-0.34357294,-1.0
2025-06-04 11:20:00.212,1.777947,1.919715,-5.357496,1.045089,-0.020985804,-1.009509,-0.902154,1.051608,6.822684,-0.062217712,0.16925812,-1.477684,-0.83899945,1.0615158,9.899445,1.7522053,-1.7759323,-2.3895645,-0.06298065,-0.29506683,1.0504303,-0.7220512,2.2016563,-0.83680344,1.992676,0.676918,0.33996964,0.054505453,0.3510666,1.0675201,-1.237042,-2.6223412,0.41443634,1.7407181,-2.2065392,-0.05065918,0.09564103,0.67058563,-2.6739922,-0.8434349,-0.22808075,-13.686123,1.807315,0.009651184,-12.179752,0.0,0.0,0.0,0.0,0.0,0.0,0.0,0.0,0.0,0.0,0.0,0.0,-1.0,-1.0,-1.0,-1.0,-1.0,1.0,1.0,-1.0,-1.0,1.0,1.0,-1.0
2025-06-04 11:20:00.264,3.232092,0.382327,-6.746763,-0.28384855,-0.23120768,-0.52702683,-0.675342,-1.164882,1.101197,-0.092430115,-1.073494,4.248722,-1.0025736,-2.5827446,-10.524452,1.7153553,0.4204178,-9.862822,-0.09250641,-0.30765533,0.4388504,-0.9516197,-5.4201164,0.22034073,2.0187685,0.34694672,1.0406647,0.07975875,0.49015045,-0.6939812,-1.3314939,-0.36769867,-3.6359215,1.6600754,-0.43468475,-3.4528122,0.10311784,-0.35572052,2.645916,-0.7547813,1.6389084,3.4076462,1.8018218,-0.4657364,-9.969025,0.0,0.0,0.0,0.0,0.0,0.0,0.0,0.0,0.0,0.0,0.0,0.0,1.0,-1.0,-1.0,1.0,-1.0,1.0,-1.0,-1.0,1.0,1.0,1.0,-1.0
2025-06-04 11:20:00.314,2.699497,1.146576,-11.144113,0.58439034,0.11854962,-2.0812912,0.249781,1.078134,10.068322,-0.09349823,-0.02658844,8.952164,-1.1087748,-1.5682602,-9.680933,1.7260364,0.035972595,-8.777599,-0.024299622,1.2866592,0.5194168,-1.1685996,-3.4344902,0.060424805,2.0317385,0.11714935,0.9796295,0.026887044,-1.1378098,0.05065918,-1.3900876,-0.61763763,-1.2433052,1.7873337,2.7566948,0.2874794,0.1301259,1.2895584,-5.9894714,-0.6676536,1.3811111,0.23376846,1.7996856,-0.004234314,-11.764706,0.0,0.0,0.0,0.0,0.0,0.0,0.0,0.0,0.0,0.0,0.0,0.0,1.0,-1.0,-1.0,1.0,-1.0,1.0,-1.0,1.0,1.0,1.0,1.0,-1.0
2025-06-04 11:20:00.365,4.797165,2.100888,-18.299297,0.7611921,0.005333604,-2.566286,2.856473,2.8378,10.450837,-0.08892059,-0.2401352,9.170673,-1.1988817,-1.9486618,-4.3488197,1.7239765,-0.17932892,-7.8901367,0.017967224,-0.111198425,3.662777,-1.282125,-0.72460175,-4.557564,2.0514224,0.77747345,-2.658123,-0.030409709,-0.7353592,0.6243973,-1.0971951,5.7681694,-0.6353874,1.8907883,1.7394638,-0.016479492,0.19741715,1.4908981,-9.90921,-0.5709091,1.5982437,-4.757763,1.7960235,0.004234314,-11.779354,0.0,0.0,0.0,0.0,0.0,0.0,0.0,0.0,0.0,0.0,0.0,0.0,1.0,-0.37661648,-1.0,1.0,-1.0,1.0,-1.0,1.0,1.0,-1.0,1.0,-1.0
2025-06-04 11:20:00.417,4.876266,0.574433,-25.438297,-0.46303424,-0.80183595,-2.2444131,-1.176307,2.167003,12.236234,-0.13149261,-0.8660507,14.975204,-1.2641894,-1.4149094,9.9263,1.6949848,-0.5800247,-4.7602043,0.033607483,0.93387604,0.28137589,-1.3408713,-1.3791275,-0.7745476,2.070267,-0.062828064,-0.09460449,-0.051237956,-0.5624008,-1.3275337,-0.85580105,3.782772,-0.46814728,1.9557908,0.9151077,0.73182297,0.21496476,0.19908905,-15.439079,-0.51841885,0.8197403,-4.121765,1.8055602,-0.06122589,-12.030823,0.0,0.0,0.0,0.0,0.0,0.0,0.0,0.0,0.0,0.0,0.0,0.0,1.0,1.0,1.0,1.0,-1.0,1.0,-1.0,0.08862588,-1.0,-1.0,1.0,-1.0
2025-06-04 11:20:00.468,3.751385,-0.444782,-30.6868,0.024899896,0.20921713,-1.0410827,-2.919462,0.51898,8.708351,-0.15193939,0.06290436,11.364307,-1.2631212,0.3761673,22.638897,1.7596058,1.1194992,8.721447,0.060081482,0.38021088,0.330204,-1.3948112,-0.88352203,0.02746582,2.0699618,0.018882751,-0.14953995,-0.06413163,0.02368927,-1.9501038,-0.8169674,0.9695816,-11.110399,1.8954422,-0.7125473,-12.744946,0.21549882,-0.1328659,-13.731289,-0.4560104,1.3360977,-8.903336,1.7914459,-0.60878754,-9.043716,0.0,0.0,0.0,0.0,0.0,0.0,0.0,0.0,0.0,0.0,0.0,0.0,-1.0,1.0,-1.0,-1.0,1.0,-1.0,1.0,-1.0,-1.0,1.0,-1.0,-1.0
2025-06-04 11:20:00.520,3.474377,0.419281,-30.266094,-0.58605623,-1.5614519,0.7927043,0.42784,3.81075,34.14715,-0.18733978,0.40592194,2.5909805,-1.164702,2.697033,16.884415,1.6675953,-3.0107536,6.8744926,0.044288635,-0.268898,-4.4684525,-1.2940269,1.9350815,23.465324,1.9229434,-4.261898,-0.036010742,-0.05596818,-0.10219574,7.1772346,-0.9119534,-2.9494896,-13.161211,1.8740036,-0.86803436,-11.887999,0.22000016,-0.8777237,-3.0695038,-0.59921414,-3.2323112,-23.494621,1.7936584,-0.028572083,-11.692684,0.0,0.0,0.0,0.0,0.0,0.0,0.0,0.0,0.0,0.0,0.0,0.0,-1.0,1.0,1.0,-1.0,1.0,1.0,1.0,-1.0,-1.0,1.0,-1.0,-1.0
2025-06-04 11:20:00.572,3.181298,-7.271883,-28.271957,0.2785912,-3.6716719,0.80007994,7.958869,1.865521,9.767774,-0.13858795,0.46497345,-1.0223541,-0.9066722,4.049114,-1.3556099,1.7885212,2.6455345,0.57434845,-0.013008118,-1.1328506,1.0272369,-1.026464,5.170788,-0.20080948,1.9336245,0.65380096,1.2896919,-0.06024064,0.017585754,7.447014,-1.0620236,-3.3791008,-4.494087,1.8469193,-0.21289825,-13.217365,0.20359696,0.32611847,-5.4767685,-0.80483013,-4.5503654,-10.524452,1.8083831,1.1624527,-17.090714,0.0,0.0,0.0,0.0,0.0,0.0,0.0,0.0,0.0,0.0,0.0,0.0,-1.0,-1.0,-1.0,-1.0,1.0,-1.0,1.0,-1.0,-1.0,1.0,-1.0,-1.0
2025-06-04 11:20:00.623,4.343811,-16.996702,-27.240276,0.33190322,-2.3770888,0.42475736,1.340363,1.752163,2.543418,-0.11959076,0.10639191,-0.19958878,-1.0638376,-4.2059746,0.54138947,1.7229847,-1.9440842,0.02746582,-0.054588318,-0.14217377,-0.54016876,-0.81230694,3.3800163,-1.1639595,1.8078158,-2.898983,-0.2105751,-0.045821086,0.39310455,4.373234,-1.2112546,-2.0926323,-2.6800957,1.8121293,-1.0523605,-7.8583946,0.21366777,-0.060081482,-4.961624,-1.0056357,-2.6727715,-8.50782,1.8204376,-0.529747,-10.585487,0.0,0.0,0.0,0.0,0.0,0.0,0.0,0.0,0.0,0.0,0.0,0.0,-1.0,-1.0,1.0,-1.0,1.0,1.0,1.0,-1.0,1.0,1.0,-1.0,-1.0
2025-06-04 11:20:00.674,4.322201,-22.62734,-25.993404,-0.6941748,-1.4334705,0.8410379,3.019026,2.116109,3.295352,-0.12020111,0.32512665,0.122680664,-1.2393938,-2.5223198,-0.34851456,1.8331531,2.5458183,-0.10803223,-0.08304596,-0.38707733,0.35705948,-0.68893963,1.8659592,-0.73182297,1.8802187,1.8490219,0.15442276,0.0039225672,1.2465286,0.1312294,-1.320889,-1.5975571,-0.04699707,1.8949845,1.7156601,0.38025665,0.19917192,-0.856514,-0.7354851,-1.1493735,-2.406124,-3.224537,1.7915984,-0.52318573,-9.710232,0.0,0.0,0.0,0.0,0.0,0.0,0.0,0.0,0.0,0.0,0.0,0.0,1.0,-1.0,-1.0,1.0,-1.0,1.0,-1.0,-1.0,1.0,1.0,-1.0,-1.0
2025-06-04 11:20:00.725,0.447198,-26.546263,-23.032246,-1.5406715,-0.7251571,0.8806566,-2.236623,-0.060054,-1.375566,-0.043067932,1.289711,-0.45349884,-1.3384997,-1.7761612,0.3216591,1.7433552,-2.3522606,-0.17883682,-0.024528503,1.3417435,-0.029907227,-0.9462028,-5.557827,-0.15808487,1.9521639,1.119194,0.6622429,-0.022093669,-0.68904877,-0.40833282,-1.3783383,-0.91487885,-1.9159241,1.9598343,1.1606979,-0.0018310547,0.14988603,-1.3017654,4.4721146,-1.2748771,-1.7355728,-1.2677193,1.7823669,-0.47847748,-9.545433,0.0,0.0,0.0,0.0,0.0,0.0,0.0,0.0,0.0,0.0,0.0,0.0,1.0,-1.0,-1.0,1.0,1.0,-1.0,-1.0,-1.0,1.0,-1.0,-1.0,-1.0
2025-06-04 11:20:00.778,-6.088077,-26.544956,-21.237543,-1.984711,0.44212043,0.3529029,6.87582,1.087237,3.610058,0.020179749,1.1577225,-0.7916374,-1.3930498,-0.9271622,-1.3006783,1.6596607,-1.1023331,-0.37903595,0.03551483,0.6774521,-0.50232697,-0.838018,3.2407036,0.053100586,1.8175051,-2.842373,-0.49378204,-0.07031144,-1.0602188,3.1439705,-1.4291501,-0.9813309,1.8536644,2.0205643,1.684227,-5.2350655,0.046584025,-1.216011,-0.9747467,-1.3125663,-0.19756317,-6.5180435,1.7711517,-0.017433167,-10.391396,0.0,0.0,0.0,0.0,0.0,0.0,0.0,0.0,0.0,0.0,0.0,0.0,1.0,-1.0,-1.0,1.0,1.0,-1.0,-1.0,-1.0,1.0,1.0,-1.0,-1.0
2025-06-04 11:20:00.832,-10.094337,-23.910524,-19.749079,-0.31008053,1.192876,0.9017243,3.078904,0.537118,4.674134,0.060920715,0.5737686,-0.005493164,-1.4240252,-0.2666092,-0.84290695,1.6110615,-0.6154251,-0.29846573,0.06549835,0.3032303,0.17883682,-0.708242,2.187542,-0.12023926,1.7055819,-1.6587448,-0.43030548,-0.09175004,-0.098228455,-0.15076065,-1.4508176,-0.0118637085,-1.1261177,2.0970109,1.5143204,-7.8352013,0.051390544,0.2299118,1.543602,-1.3125663,0.02872467,-7.500725,1.7690154,0.08365631,-10.88945,0.0,0.0,0.0,0.0,0.0,0.0,0.0,0.0,0.0,0.0,0.0,0.0,1.0,-1.0,-1.0,1.0,1.0,-1.0,-1.0,-1.0,1.0,1.0,-1.0,-1.0
2025-06-04 11:20:00.884,-11.338684,-18.369783,-16.765451,-0.074916564,2.0252411,1.4797332,5.750349,0.012756,4.752974,0.081977844,0.25608063,-0.31677628,-1.4456927,-0.26798248,-0.20447159,1.582909,0.3849411,-2.0453186,0.07862091,0.4390335,0.14221573,-0.6278282,1.348381,0.24109268,1.6375277,-0.7890701,-0.7452507,-0.08770646,0.1468277,-1.2677193,-1.4339566,0.5338669,-3.5968552,2.1662095,1.2034225,-9.92996,0.06268205,0.033607483,1.7120628,-1.318212,-0.2173233,-6.1823463,1.7747375,-0.0358963,-10.728313,0.0,0.0,0.0,0.0,0.0,0.0,0.0,0.0,0.0,0.0,0.0,0.0,-1.0,-1.0,-1.0,1.0,1.0,-1.0,-1.0,-1.0,-1.0,1.0,-1.0,-1.0
2025-06-04 11:20:00.935,-10.936074,-11.741347,-13.434492,0.83396673,1.8810868,1.1899381,8.966106,-9.261072,17.98734,0.09815216,0.9006119,-12.569162,-1.5182482,-1.1169052,7.1210785,1.6677479,0.56827545,-8.324713,0.068244934,-0.3333664,2.7997246,-0.58403164,0.43575287,0.2911415,1.5962527,-0.6521225,-0.04699707,-0.07427873,0.055122375,-1.6266136,-1.4118314,0.24082184,-4.8041496,2.1125748,-1.8124008,-18.256504,0.0783986,0.14232635,1.4886703,-1.3552146,-0.794487,-2.539711,1.7430755,-1.7024612,-1.990387,0.0,0.0,0.0,0.0,0.0,0.0,0.0,0.0,0.0,0.0,0.0,0.0,-1.0,-1.0,1.0,-1.0,1.0,-1.0,1.0,-1.0,-1.0,1.0,-1.0,-1.0
2025-06-04 11:20:00.986,-11.466175,-6.158664,-11.026898,0.3460555,2.2275667,0.8272891,2.127714,-3.727687,2.583662,0.08922577,-1.1233902,-3.9069214,-1.5646349,-0.15476227,4.5783157,1.7737201,2.1646538,3.8983765,0.010795593,-1.2038803,-0.87342453,-0.55473477,0.3636551,-0.35705948,1.5784762,-0.28003693,-0.84046555,-0.052153483,0.49304962,5.200886,-1.3948178,0.92884064,-6.229954,2.005153,-2.9366722,-8.828871,0.083510295,0.61756134,-1.6082993,-1.3980155,-0.8601761,0.015258789,1.6635009,-1.2883377,-0.26306534,0.0,0.0,0.0,0.0,0.0,0.0,0.0,0.0,0.0,0.0,0.0,0.0,-1.0,-1.0,1.0,-1.0,1.0,-1.0,1.0,-1.0,-1.0,1.0,-1.0,-1.0
2025-06-04 11:20:01.038,-12.035988,0.387749,-11.123692,-1.4112824,1.5181274,-0.30223948,-8.568745,1.471893,16.167562,0.022315979,-1.2212753,-1.0223541,-1.598662,-0.5839157,6.441139,1.8394855,1.0022354,5.8429832,-0.011253357,-1.0372543,0.776989,-0.6272178,-1.2692642,10.35111,1.691849,1.806984,-14.673687,-0.04879655,0.04398346,6.8390923,-1.4115262,-0.05001068,-3.0621796,1.8747666,-2.119793,-6.3788834,0.083434,0.7264328,-0.98695374,-1.4238029,-0.6959152,-0.18860245,1.6132232,-0.69789886,-0.3228798,0.0,0.0,0.0,0.0,0.0,0.0,0.0,0.0,0.0,0.0,0.0,0.0,-1.0,-1.0,1.0,-1.0,1.0,-1.0,1.0,-1.0,-1.0,1.0,-1.0,-1.0
2025-06-04 11:20:01.090,-14.858756,4.08677,-13.587164,-1.1403631,0.7561998,-0.6518692,-4.759277,2.070316,9.934844,-0.019340515,-0.6457138,-1.6778831,-1.5985094,-0.17230988,5.950409,1.8897632,0.69042206,4.7394524,-0.066719055,-0.8636093,1.9562073,-0.65475994,-0.05832672,6.724346,1.714966,-0.11257172,-7.683834,-0.010878459,0.70453644,2.2748146,-1.4231992,-0.011558533,-2.3041115,1.7745926,-1.218071,-5.5292587,0.08801164,0.0989151,0.27527237,-1.4428,-0.11692047,-0.5108719,1.5846893,-0.52402496,-0.48401642,0.0,0.0,0.0,0.0,0.0,0.0,0.0,0.0,0.0,0.0,0.0,0.0,-1.0,-1.0,1.0,-1.0,1.0,-1.0,1.0,-1.0,-1.0,1.0,-1.0,-1.0
2025-06-04 11:20:01.142,-18.034563,5.990786,-15.93592,-1.409308,0.85325515,-0.5516638,-3.314118,-0.511865,6.796775,-0.028800964,0.06351471,-3.5382614,-1.6274248,-0.9970474,10.274204,1.91021,0.40569305,5.2301826,-0.093574524,-0.33611298,1.8988342,-0.64232403,0.35617828,3.5260544,1.7004702,-0.44216156,-5.974823,0.030930623,0.8811569,0.5487137,-1.4228177,0.1643753,-3.0634003,1.7293503,-0.52410126,-7.085678,0.08618058,-0.14339447,1.0540924,-1.4518027,-0.1694107,-0.5450516,1.5683624,-0.26378632,-0.4351883,0.0,0.0,0.0,0.0,0.0,0.0,0.0,0.0,0.0,0.0,0.0,0.0,-1.0,-1.0,1.0,-1.0,1.0,-1.0,1.0,-1.0,-1.0,1.0,-1.0,-1.0
2025-06-04 11:20:01.192,-22.555088,7.931624,-18.070715,-1.5883646,0.77081096,-0.39363942,-1.914626,-3.365495,8.969529,-0.022621155,0.22060394,-4.975052,-1.6766344,-0.9669876,13.1184845,1.940575,0.52845,3.0328827,-0.11219025,-0.4606247,1.851223,-0.61149746,0.49800873,1.7132835,1.675751,-0.6359482,-3.6481285,0.062058553,0.6522751,-0.5999832,-1.4180112,0.063591,-3.2220955,1.7124894,-0.3773117,-6.5595474,0.087782755,0.026435852,0.6744499,-1.4592795,-0.12989044,-0.29846573,1.5590545,-0.17238617,-0.46082306,0.0,0.0,0.0,0.0,0.0,0.0,0.0,0.0,0.0,0.0,0.0,0.0,-1.0,-1.0,1.0,-1.0,1.0,-1.0,1.0,-1.0,-1.0,1.0,-1.0,-1.0
2025-06-04 11:20:01.244,-27.742018,9.406489,-19.950949,-1.5702358,0.5838634,-0.27155828,-1.110264,-4.931217,7.509888,-0.006980896,0.24990082,-5.568321,-1.7251574,-0.6560135,14.8763275,1.9668964,0.45146942,2.0587463,-0.123176575,-0.11211395,1.1664009,-0.5818191,0.49297333,0.2471962,1.6361544,-0.93227386,-0.5999832,0.08616744,0.4896927,-0.53406525,-1.4174771,-0.13477325,-1.420311,1.6850235,-1.0918808,-2.2430763,0.087782755,-0.0035476685,0.8270378,-1.4630942,-0.05657196,-0.5181961,1.5531799,-0.124931335,-0.41565704,0.0,0.0,0.0,0.0,0.0,0.0,0.0,0.0,0.0,0.0,0.0,0.0,-1.0,-1.0,1.0,-1.0,1.0,-1.0,1.0,-1.0,-1.0,1.0,-1.0,-1.0
2025-06-04 11:20:01.297,-32.82381,10.629781,-21.363491,-1.5764936,0.6152018,-0.14828877,-1.684976,-6.23078,7.79462,0.0061416626,0.19817352,-6.028534,-1.7771136,-0.9382248,16.983292,1.9947437,0.4516983,0.99794006,-0.122413635,-0.030326843,0.94667053,-0.55473477,0.35503387,-0.049438477,1.597626,-0.61862946,-0.26794815,0.09761153,0.4995346,-0.50110626,-1.4391446,-0.46657562,-0.3973465,1.6273453,-0.87459564,-0.50354767,0.08869828,-0.03681183,0.7330437,-1.4654593,-0.0146865845,-0.4791336,1.5500518,-0.034446716,-0.4718094,0.0,0.0,0.0,0.0,0.0,0.0,0.0,0.0,0.0,0.0,0.0,0.0,-1.0,-1.0,1.0,-1.0,1.0,-1.0,1.0,-1.0,-1.0,1.0,-1.0,-1.0
2025-06-04 11:20:01.349,-37.804955,11.861813,-22.842382,-1.4376407,0.55003244,-0.14065316,-1.85683,-6.940698,7.833884,0.023384094,0.19947052,-7.1125336,-1.8159472,-0.51532745,17.228657,2.011681,0.16124725,1.5777817,-0.12371063,-0.0073623657,0.9344635,-0.5389419,0.2589035,-0.128788,1.5761874,-0.3709793,-0.31921768,0.102723226,0.123176575,-0.1324501,-1.4512753,-0.24288177,-0.5108719,1.5910294,-0.69675446,-0.25818253,0.08801164,0.032691956,0.76478195,-1.4662986,0.014228821,-0.5865555,1.5476104,-0.022315979,-0.42053986,0.0,0.0,0.0,0.0,0.0,0.0,0.0,0.0,0.0,0.0,0.0,0.0,-1.0,-1.0,1.0,-1.0,1.0,-1.0,1.0,-1.0,-1.0,1.0,-1.0,-1.0
2025-06-04 11:20:01.401,-42.329052,12.785234,-24.187868,-1.4886286,0.5478408,-0.11741605,-2.107706,-6.85537,7.60872,0.03200531,0.054359436,-6.7878227,-1.8363177,-0.20320892,17.370258,2.0141225,-0.01209259,2.268711,-0.12439728,0.1796341,1.190815,-0.5280319,0.21312714,-0.41565704,1.5624545,-0.08495331,-0.4327469,0.105774984,0.06641388,-0.16662979,-1.4578366,0.029029846,-0.7342644,1.5732529,-0.26462555,-0.7061882,0.08785905,-0.028038025,0.8319206,-1.4664512,0.080833435,-0.7037468,1.5463134,-0.031852722,-0.44373322,0.0,0.0,0.0,0.0,0.0,0.0,0.0,0.0,0.0,0.0,0.0,0.0,-1.0,-1.0,1.0,-1.0,1.0,-1.0,1.0,-1.0,-1.0,1.0,-1.0,-1.0
2025-06-04 11:20:01.453,-47.059513,13.923811,-25.57768,-1.6234739,0.70122385,0.025791952,-2.356401,-6.217,6.705604,0.03414154,0.06526947,-6.242161,-1.8424212,-0.029792786,16.281376,2.0122151,-0.01789093,2.3981094,-0.12447357,-0.11722565,1.5191879,-0.5214706,0.1517868,-0.43152618,1.5560458,-0.13256073,-0.46326447,0.10737716,0.14492035,-0.23865128,-1.4612699,-0.07228851,-0.6707878,1.5607407,-0.2613449,-0.3216591,0.08747758,-0.06969452,0.7928581,-1.4662986,0.037269592,-0.6622429,1.5456268,-0.014915466,-0.44373322,0.0,0.0,0.0,0.0,0.0,0.0,0.0,0.0,0.0,0.0,0.0,0.0,-1.0,-1.0,1.0,-1.0,1.0,-1.0,1.0,-1.0,-1.0,1.0,-1.0,-1.0
2025-06-04 11:20:01.505,-52.80531,15.806282,-27.284285,-1.8609599,0.87200105,0.20061159,-2.13426,-6.0041,5.97224,0.03376007,-0.0060653687,-6.2397194,-1.8381487,0.15239716,15.461052,2.012444,-0.008506775,2.2540627,-0.123939514,0.32390594,0.7403679,-0.5188003,-0.06542206,-0.14343643,1.5515444,-0.08655548,-0.41687775,0.10775863,-0.0020980835,-0.15564346,-1.4645505,-0.06099701,-0.53162384,1.5534928,-0.124320984,-0.4400711,0.08770646,-0.05596161,0.7818718,-1.4665275,0.019493103,-0.53162384,1.5447875,-0.053749084,-0.37903595,0.0,0.0,0.0,0.0,0.0,0.0,0.0,0.0,0.0,0.0,0.0,0.0,-1.0,-1.0,1.0,-1.0,1.0,-1.0,1.0,-1.0,-1.0,1.0,-1.0,-1.0
2025-06-04 11:20:01.558,-58.80091,17.254618,-29.186659,-1.8211142,0.53623056,-0.30437583,-11.451838,-11.475235,1.949022,0.02483368,-0.57819366,-2.8253593,-1.8067919,1.0074234,9.861599,1.9985584,-0.4818344,5.0141144,-0.12966156,0.118904114,0.41687775,-0.5136886,0.2893448,-0.15808487,1.546509,-0.07602692,0.010375977,0.106003866,0.10509491,0.09338379,-1.4656186,-0.030708313,-0.9356842,1.5489914,-0.06969452,-0.49988556,0.0897664,-0.24829865,1.6595726,-1.4688926,-0.29636383,-0.16662979,1.5441009,-0.19184113,-0.1312294,0.0,0.0,0.0,0.0,0.0,0.0,0.0,0.0,0.0,0.0,0.0,0.0,-1.0,-1.0,1.0,-1.0,1.0,-1.0,1.0,-1.0,-1.0,1.0,-1.0,-1.0
2025-06-04 11:20:01.611,-65.5459,17.518244,-32.245945,-1.5604305,0.942488,-0.7216449,-3.843399,-10.398242,2.498152,-0.011711121,-0.57216644,-1.1590767,-1.7520891,0.8233261,7.631344,1.9927601,0.004310608,3.1903572,-0.12386322,0.010719299,0.65369797,-0.5124679,-0.025672913,-0.72938156,1.5449069,-0.032691956,-0.3704872,0.109284505,-0.14781952,-0.1336708,-1.4681363,-0.059547424,-0.42542267,1.5459397,0.002708435,-0.4376297,0.09487809,0.085258484,-0.1690712,-1.46874,0.027122498,-0.3668251,1.5437957,0.017585754,-0.40589142,0.0,0.0,0.0,0.0,0.0,0.0,0.0,0.0,0.0,0.0,0.0,0.0,-1.0,-1.0,1.0,-1.0,1.0,-1.0,1.0,-1.0,-1.0,1.0,-1.0,-1.0
2025-06-04 11:20:01.663,-71.21631,16.3443,-36.50576,-1.1125132,1.0293466,-1.1292561,-3.706421,-8.336707,3.413755,-0.03177643,-0.096092224,-2.5616837,-1.6985308,0.86193085,5.611046,1.9932941,-0.010414124,3.0182343,-0.12042999,0.14781952,0.60852814,-0.5123916,-0.039482117,-0.35583878,1.5442202,-0.038642883,-0.33996964,0.109284505,0.013084412,-0.12756729,-1.4713407,-0.091285706,-0.09094238,1.5442612,-0.05558014,-0.37414932,0.09716691,0.06481171,0.060424805,-1.471334,-0.031929016,-0.14953995,1.543338,0.009803772,-0.34119034,0.0,0.0,0.0,0.0,0.0,0.0,0.0,0.0,0.0,0.0,0.0,0.0,-1.0,-1.0,1.0,-1.0,1.0,-1.0,1.0,-1.0,-1.0,1.0,-1.0,-1.0
2025-06-04 11:20:01.715,-74.93494,13.842967,-40.017765,-1.1776257,0.87325954,-1.5784693,-3.717409,-6.965692,3.329555,-0.03162384,0.11722565,-3.855648,-1.6547381,0.8106613,4.3744545,1.9946674,0.037117004,2.9193573,-0.121269226,-0.035972595,0.75745773,-0.5127731,-0.01865387,-0.26916885,1.5436862,-0.001335144,-0.31311417,0.10722457,-0.13080597,0.2459755,-1.4748502,-0.063819885,0.010375977,1.5434983,-0.028877258,-0.37903595,0.09831132,0.009880066,0.34851456,-1.4727073,-0.09677887,-0.1300087,1.543338,-0.013694763,-0.34241104,0.0,0.0,0.0,0.0,0.0,0.0,0.0,0.0,0.0,0.0,0.0,0.0,-1.0,-1.0,1.0,-1.0,1.0,-1.0,1.0,-1.0,-1.0,1.0,-1.0,-1.0
2025-06-04 11:20:01.767,-79.85545,8.831142,-43.648556,-1.6359429,0.6439918,-2.1499145,-2.842669,-6.828511,2.814694,-0.028572083,-0.016975403,-3.5455856,-1.6131579,0.8539963,2.9925995,1.9971851,0.038337708,2.7264824,-0.12271881,0.08495331,0.76844406,-0.5126968,0.0022506714,-0.27161026,1.5432284,-0.0059890747,-0.30701065,0.10485946,0.046272278,0.13611221,-1.4795041,-0.045967102,0.1324501,1.5422013,-0.03780365,-0.34607315,0.0985402,0.11363983,0.26062393,-1.473165,-0.02910614,-0.252079,1.543338,0.029640198,-0.34363174,0.0,0.0,0.0,0.0,0.0,0.0,0.0,0.0,0.0,0.0,0.0,0.0,-1.0,1.0,1.0,-1.0,1.0,-1.0,1.0,-1.0,-1.0,1.0,-1.0,-1.0
2025-06-04 11:20:01.819,-86.11325,1.675601,-46.84951,-2.472414,0.85033846,-2.6259456,-0.874831,-7.135419,-0.087587,-0.03429413,-0.8800125,1.9513245,-1.2679278,7.942398,-2.5665665,2.0057302,0.7065201,-0.12390137,-0.13149261,0.17620087,2.0184631,-0.52086025,-1.8972397,5.0092316,1.5433047,-0.055732727,-0.40833282,0.10798751,0.11791229,-0.7537956,-1.4872861,-0.24806976,3.8458824,1.5412858,-0.25188446,-0.115356445,0.09091081,-2.0802727,7.794918,-1.4736228,-0.093803406,0.60974884,1.5421935,-0.8598709,0.5841141,0.0,0.0,0.0,0.0,0.0,0.0,0.0,0.0,0.0,0.0,0.0,0.0,-1.0,1.0,1.0,-1.0,-1.0,-1.0,1.0,-1.0,-1.0,1.0,-1.0,1.0
2025-06-04 11:20:01.871,-93.76043,0.091501,-48.907284,-2.653279,0.73572093,0.38512754,-6.52542,-1.06898,-0.901125,-0.06046295,-1.13163,0.072631836,-0.9578654,4.688381,0.9027252,2.027245,0.22441864,0.665905,-0.123176575,0.5855942,-0.2862587,-0.84999615,-6.8293457,0.76478195,1.5390322,-0.3407669,1.3031197,0.11348067,0.04009247,-2.2540627,-1.488049,0.0052261353,0.15442276,1.5372422,-0.06046295,-0.042114258,0.094725505,-0.13843536,-0.15564346,-1.4837699,0.28591156,-0.3985672,1.717517,3.471035,0.7342644,0.0,0.0,0.0,0.0,0.0,0.0,0.0,0.0,0.0,0.0,0.0,0.0,-1.0,1.0,1.0,-1.0,0.81940496,-1.0,1.0,-1.0,-1.0,1.0,-1.0,1.0
2025-06-04 11:20:01.923,-103.08424,0.204222,-51.374847,-3.374055,0.55618316,0.6389121,8.732027,-31.148947,-0.007133,-0.102119446,-0.5156326,2.9913788,-0.77987164,2.4592247,0.57678986,2.0399098,0.22220612,0.33264542,-0.11959076,0.17391205,0.46936798,-0.8178001,2.2497978,0.07873535,1.5336916,-0.22579193,0.05065918,0.10592757,0.2917862,-0.30701065,-1.5024686,-0.30605316,2.6886406,1.5352585,-0.54073334,0.8136101,0.10037126,0.59841156,-1.301899,-1.4863639,-0.867424,3.5858688,1.8583556,1.978569,0.92103577,0.0,0.0,0.0,0.0,0.0,0.0,0.0,0.0,0.0,0.0,0.0,0.0,-1.0,1.0,1.0,-1.0,1.0,-1.0,1.0,-1.0,-1.0,1.0,-1.0,1.0
2025-06-04 11:20:01.976,-110.89527,-0.932457,-52.86303,-2.7935913,0.46764284,-0.14932802,-2.00814,-0.514464,-0.070849,-0.1051712,-0.27622223,0.48889923,-0.674586,1.3772202,0.17395401,2.0460896,-0.08014679,0.5450516,-0.11493683,-0.20183563,1.1566353,-0.6997734,1.9090652,-0.12512589,1.5343783,-0.0062179565,-0.017700195,0.10943709,-0.08098602,0.111694336,-1.4987302,-0.039482117,0.9637604,1.5345719,0.009727478,-0.03112793,0.10212602,-0.110054016,-0.42053986,-1.4818625,0.05519867,0.21423721,1.9410583,1.3855362,0.31311417,0.0,0.0,0.0,0.0,0.0,0.0,0.0,0.0,0.0,0.0,0.0,0.0,-1.0,1.0,-1.0,-1.0,1.0,-1.0,1.0,-1.0,-1.0,1.0,-1.0,1.0
2025-06-04 11:20:02.028,-120.7824,-1.458636,-53.75564,-3.357506,0.25745443,-0.1102669,-1.565852,-1.80924,-1.111752,-0.12645721,-0.17597198,1.5912094,-0.61225384,0.8892441,0.64637375,1.8703083,-3.0878868,-0.9710846,-0.11615753,-0.048179626,0.38391876,-0.62332684,1.2438583,-0.18494034,1.534836,-0.031089783,-0.06530762,0.11325179,0.14118195,-1.0150299,-1.4923215,0.08983612,-0.4022293,1.5345719,-0.033302307,-0.056762695,0.10426225,0.018730164,0.56824493,-1.4816337,0.06443024,-0.076293945,1.9897338,0.7025528,0.43030548,0.0,0.0,0.0,0.0,0.0,0.0,0.0,0.0,0.0,0.0,0.0,0.0,1.0,1.0,-1.0,1.0,1.0,-1.0,1.0,-1.0,-1.0,-1.0,1.0,-1.0
2025-06-04 11:20:02.080,-131.52852,-2.298992,-54.344513,-4.560425,0.16155276,0.0872215,-2.206892,-2.340455,-1.817687,-0.06259918,2.0064964,-0.632946,-0.5765483,0.6594467,0.22644424,1.7341236,-2.2290459,-0.009155273,-0.047035217,1.582756,-0.867321,-0.58136135,0.66257477,0.31311417,1.5340731,0.043373108,0.24109268,0.12584029,-0.107154846,-0.33386612,-1.4899564,-0.18482208,1.8109398,1.5348771,0.050697327,0.053100586,0.032240763,-1.7102432,1.2201118,-1.1587577,6.6522675,-1.1871529,1.835086,-3.0441704,0.15930557,0.0,0.0,0.0,0.0,0.0,0.0,0.0,0.0,0.0,0.0,0.0,0.0,1.0,1.0,-1.0,1.0,1.0,-1.0,1.0,-1.0,-1.0,-1.0,-1.0,-1.0
2025-06-04 11:20:02.131,-144.63458,-1.412367,-53.970867,-5.0582757,-0.44444397,-0.16381113,0.906333,-10.006512,-9.676673,0.0061416626,0.607872,0.38391876,-0.55671185,0.35686493,-0.46204376,1.6535572,-1.2369919,-0.036010742,0.012168884,1.0248184,0.49622345,-0.551683,0.5932236,-1.7621117,1.5346072,0.0146865845,-0.029907227,0.116456136,-0.109062195,-0.5157547,-1.4923978,0.25730133,-0.6598015,1.533809,0.060920715,-0.033569336,-0.03085433,-0.624733,0.19226456,-1.2245231,-2.7792015,1.4007797,1.717517,-1.928978,-0.23620987,0.0,0.0,0.0,0.0,0.0,0.0,0.0,0.0,0.0,0.0,0.0,0.0,1.0,1.0,-1.0,1.0,1.0,-1.0,1.0,-1.0,-1.0,-1.0,-1.0,-1.0
2025-06-04 11:20:02.182,-160.42676,-2.576804,-52.487427,-5.302789,1.555982,-1.0292231,-2.228712,-1.142029,-5.540817,0.017433167,1.2696457,-0.21912003,-0.5400798,0.24868011,0.07385254,1.6146473,-0.68775177,-0.20325089,0.06511688,-0.03238678,1.1798286,-0.5390945,-0.20023346,2.0733948,1.5397952,0.036735535,0.0030517578,0.09761153,0.52669525,-0.7342644,-1.4973569,0.39470673,-0.61096954,1.5344956,-0.09830475,0.06652832,-0.044892415,-0.4429245,-0.62073517,-1.3320212,-0.67035675,-1.2127876,1.6487762,-0.7783127,-0.88075256,0.0,0.0,0.0,0.0,0.0,0.0,0.0,0.0,0.0,0.0,0.0,0.0,1.0,1.0,-1.0,1.0,1.0,-1.0,1.0,-1.0,-1.0,-1.0,-1.0,-1.0
2025-06-04 11:20:02.234,-178.0071,-7.414299,-50.795097,-5.5774355,1.573473,-0.6711129,-0.141353,-0.369232,-1.774406,0.049858093,0.38906097,0.776989,-0.5306956,0.1530075,-0.18738174,1.5843586,-0.44132233,-0.5108719,0.08274078,0.7462692,-0.2459755,-0.5292526,0.10997772,-0.053100586,1.5377352,0.024375916,-0.08483887,0.09936629,-0.03025055,0.08972168,-1.4901853,0.08113861,0.083618164,1.534343,0.01285553,-0.060424805,-0.06724654,-0.16277313,-0.17639542,-1.393743,-0.89328766,0.33874893,1.605136,-0.7175827,-0.21301651,0.0,0.0,0.0,0.0,0.0,0.0,0.0,0.0,0.0,0.0,0.0,0.0,1.0,1.0,-1.0,1.0,1.0,-1.0,1.0,-1.0,-1.0,-1.0,-1.0,-1.0
2025-06-04 11:20:02.286,166.81285,-9.042426,-48.43386,-4.7050853,-1.6253829,-1.2686483,6.656439,2.677851,-9.99603,0.076179504,0.17742157,0.23376846,-0.5422923,0.13614655,0.3973465,1.5617756,-0.29895782,-0.1324501,0.09815216,0.08144379,-0.6634636,-0.53459316,0.36121368,-0.2532997,1.5358279,0.031089783,-0.10681152,0.08372603,-0.033073425,1.1004791,-1.5134549,0.3509903,0.26550674,1.5314438,0.20496368,-0.31921768,-0.0602275,-0.7492447,0.6268425,-1.4499717,-0.028877258,-0.48645782,1.5756103,-0.28759003,-0.42176056,0.0,0.0,0.0,0.0,0.0,0.0,0.0,0.0,0.0,0.0,0.0,0.0,1.0,-1.0,-1.0,1.0,1.0,-1.0,1.0,1.0,-1.0,-1.0,-1.0,-1.0
2025-06-04 11:20:02.337,153.90898,-2.847455,-45.728134,-1.4645169,-0.45690966,-0.82144755,-0.574707,34.5592,-40.694897,0.1051712,-0.20900726,-0.2081337,-0.861201,-6.567581,0.3265419,1.5548328,-0.4365158,0.7013054,0.1027298,0.18497467,0.7013054,-0.5249801,0.2664566,-0.8111687,1.5385745,-0.3523636,0.3656044,0.0917369,0.90236664,-0.27405167,-1.1513638,6.390045,-3.8971558,1.5322068,-0.1266098,-1.1310005,-0.08632003,0.5396652,-2.2223244,-1.4742332,-0.41172028,0.99549866,1.5624877,-0.43437958,0.12634659,0.0,0.0,0.0,0.0,0.0,0.0,0.0,0.0,0.0,0.0,0.0,0.0,1.0,-1.0,-1.0,1.0,1.0,-1.0,1.0,-1.0,-1.0,-1.0,-1.0,-1.0
2025-06-04 11:20:02.388,148.28584,-1.055606,-45.56293,-1.3538291,-0.20851308,0.010860241,-3.371651,7.139077,-9.205868,0.10311127,-0.25585175,0.42053986,-1.1156412,-3.3803215,-1.4471664,1.5462879,-0.16078949,-0.03112793,0.09792328,0.22098541,0.044555664,-0.51078945,0.13065338,-0.8160515,1.53949,0.16468048,-0.5999832,0.10875045,0.14835358,0.11047363,-1.2246823,-2.9364433,0.4388504,1.5373185,-0.16262054,0.25574112,-0.08929549,-0.15712738,0.19714737,-1.4765983,0.27950287,-0.95155334,1.5545532,0.06649017,-0.72449875,0.0,0.0,0.0,0.0,0.0,0.0,0.0,0.0,0.0,0.0,0.0,0.0,1.0,-1.0,-1.0,1.0,1.0,-1.0,1.0,-1.0,-1.0,-1.0,-1.0,-1.0
2025-06-04 11:20:02.439,145.49214,-1.286139,-45.865856,-0.48440388,0.46444806,0.47577363,-3.551865,7.085397,-4.589803,0.10410309,0.20008087,0.029907227,-1.2633501,-2.0383873,0.00061035156,1.5415577,-0.052986145,-0.08239746,0.10532379,0.21755219,-0.436409,-0.502626,0.083351135,-1.0760651,1.5394137,0.054283142,-0.20569229,0.109665975,0.10860443,-0.23010635,-1.3234067,-1.6375351,-0.50110626,1.5358689,-0.02155304,-0.03112793,-0.09196578,-0.1077652,0.095825195,-1.4774375,-0.07846832,-0.020141602,1.5511199,0.024757385,-0.6366081,0.0,0.0,0.0,0.0,0.0,0.0,0.0,0.0,0.0,0.0,0.0,0.0,1.0,-1.0,-1.0,1.0,1.0,-1.0,1.0,-1.0,-1.0,-1.0,-1.0,-1.0
2025-06-04 11:20:02.491,146.04181,-2.260973,-46.036648,1.06125,0.077799775,-0.10725771,2.367014,7.243911,-2.277878,0.10807037,0.1530838,-0.026245117,-1.3561999,-1.3999557,0.5584793,1.5388111,-0.010795593,-0.07751465,0.12088776,-0.105400085,-1.4142075,-0.51101834,-0.13027191,1.0223541,1.5390322,-0.08716583,-0.023803711,0.11020003,0.02620697,0.060424805,-1.3927579,-1.1744308,0.08605957,1.534343,0.016822815,-0.029907227,-0.1030284,-0.0014877319,-0.0030517578,-1.4897208,-0.49243927,1.5936508,1.547763,-0.0699234,-0.4425125,0.0,0.0,0.0,0.0,0.0,0.0,0.0,0.0,0.0,0.0,0.0,0.0,-1.0,-1.0,-1.0,-1.0,1.0,-1.0,1.0,-1.0,-1.0,-1.0,-1.0,-1.0
2025-06-04 11:20:02.544,150.10735,-2.415466,-46.306747,2.0028317,-0.2811808,0.0651789,0.269437,2.726694,-2.137336,0.03566742,-1.7515945,-0.021362305,-1.4058672,-0.58986664,-0.006713867,1.5370563,0.0059890747,-0.053100586,0.055732727,-1.1911392,-1.3311958,-0.5188766,0.036964417,0.14465714,1.5389559,-0.01789093,-0.16540909,0.10989486,-0.14965057,-0.22644424,-1.4325833,-0.5334854,-0.103149414,1.5340378,0.049476624,-0.07019043,-0.11729537,-0.024909973,0.6256218,-1.4951377,-0.082359314,1.0882721,1.5447875,-0.03276825,-0.29968643,0.0,0.0,0.0,0.0,0.0,0.0,0.0,0.0,0.0,0.0,0.0,0.0,-1.0,-1.0,-1.0,-1.0,1.0,-1.0,1.0,-1.0,-1.0,1.0,-1.0,-1.0
2025-06-04 11:20:02.596,157.47969,-2.368541,-46.985153,2.7065156,0.38544074,0.35621333,0.413586,0.89225,-2.435409,-0.034065247,-0.70171356,-0.17395401,-1.4456164,-0.36876678,0.5511551,1.5365223,0.022621155,-0.119018555,0.0037002563,-1.2719345,0.2838173,-0.5189529,-0.12729645,0.6256218,1.5404818,-0.049934387,-0.064086914,0.10142623,0.52410126,0.0970459,-1.4552426,-0.050086975,-0.83924484,1.5335801,-0.0033950806,0.076293945,-0.027497396,1.4094162,-0.67933273,-1.4928489,0.09540558,0.0579834,1.5424987,-0.036964417,-0.09460449,0.0,0.0,0.0,0.0,0.0,0.0,0.0,0.0,0.0,0.0,0.0,0.0,-1.0,-1.0,-1.0,-1.0,1.0,-1.0,1.0,-1.0,-1.0,1.0,-1.0,-1.0
2025-06-04 11:20:02.648,165.12958,-3.541125,-47.5096,2.6582656,0.47737247,0.3736974,-0.265341,2.140702,-10.967498,-0.06954193,-0.67287445,1.444725,-1.4634691,-0.64868927,0.92103577,1.5366749,-0.0073623657,-0.14099503,-0.03025055,-0.267601,-2.4090958,-0.5180374,0.37845612,-0.44861603,1.5403292,0.111579895,-0.3265419,0.09898482,-0.03376007,1.1480904,-1.466229,-0.22464752,0.15808487,1.5344193,0.05252838,-0.11047363,0.031172648,1.0200119,-1.0894928,-1.4903312,-0.1292038,1.0882721,1.5412017,-0.05542755,-0.22888565,0.0,0.0,0.0,0.0,0.0,0.0,0.0,0.0,0.0,0.0,0.0,0.0,-1.0,-1.0,-1.0,-1.0,1.0,1.0,1.0,-1.0,-1.0,1.0,-1.0,-1.0
2025-06-04 11:20:02.700,173.98524,-6.608125,-48.230576,2.805668,1.3383392,0.35535777,-1.326021,0.969495,-8.39642,-0.091056824,-0.25188446,0.28015518,-1.4755999,-0.30902863,0.5609207,1.5363697,-0.01941681,-0.07141113,-0.05443573,-0.5247879,-0.2911415,-0.5191818,-0.1392746,-0.122680664,1.7221377,3.7928429,-0.23743057,0.09524642,-0.42568207,1.7987328,-1.4769101,-0.17726898,1.5240707,1.5344956,0.021705627,-0.015258789,0.07046403,0.91625214,-2.080719,-1.49056,-0.26088715,2.1026917,1.5410491,-0.04940033,-0.26428604,0.0,0.0,0.0,0.0,0.0,0.0,0.0,0.0,0.0,0.0,0.0,0.0,1.0,-1.0,-1.0,1.0,1.0,1.0,-1.0,-1.0,1.0,1.0,-1.0,-1.0
2025-06-04 11:20:02.752,-177.56691,-8.200795,-49.308586,2.8191588,-0.4125738,0.49198472,3.5606,-1.338435,-3.722084,-0.028495789,1.257515,0.1702919,-1.4865099,0.14644623,-0.022583008,1.5362171,0.02117157,-0.08605957,-0.00019073486,1.0084915,-0.34241104,-0.52444607,0.114479065,0.0579834,1.8588564,2.0267906,0.41443634,0.012467489,-1.4149094,0.7818718,-1.4918637,0.23349762,-0.07507324,1.7166092,3.6295738,-0.048217773,0.095335856,0.19504547,-0.27771378,-1.499639,0.22464752,0.16296768,1.5376159,-0.06542206,-0.0592041,0.0,0.0,0.0,0.0,0.0,0.0,0.0,0.0,0.0,0.0,0.0,0.0,1.0,1.0,-1.0,1.0,1.0,-1.0,-1.0,-1.0,-1.0,1.0,1.0,-1.0
2025-06-04 11:20:02.804,-169.50668,-6.864964,-50.50277,1.5690848,-1.2137352,0.4542042,8.180712,-11.274483,-25.765215,0.009498596,0.9164047,0.61585236,-1.1586748,6.931885,-0.9454498,1.5292743,0.07823944,0.004272461,0.047035217,0.9116745,-2.7496758,-0.5253616,0.12599945,-0.30212784,1.7601321,-1.7668533,-1.2872505,-0.032469645,-0.5395889,-1.0577545,-1.477139,-0.21053314,0.56946564,1.6760209,-1.6511917,-0.21423721,0.11334123,-0.29758453,-0.18005753,-1.1695151,7.2543793,-1.5033188,1.529071,-0.033607483,0.2825966,0.0,0.0,0.0,0.0,0.0,0.0,0.0,0.0,0.0,0.0,0.0,0.0,-1.0,1.0,1.0,-1.0,-1.0,-1.0,1.0,-1.0,-1.0,1.0,-1.0,-1.0
2025-06-04 11:20:02.856,-163.91385,-3.508364,-51.635815,2.3221111,-1.2381707,0.6400271,-4.472348,-2.878183,-10.237226,-0.023841858,-1.2464523,1.2774849,-0.89171857,4.0652885,-1.4752426,1.716576,3.4570732,-0.5877762,-0.0035476685,-1.3437271,1.555809,-0.85388714,-6.1570435,0.092163086,1.6745303,-1.2062454,-0.23498917,0.01017867,1.259346,-0.98573303,-1.4826322,-0.047416687,-0.5523758,1.620784,-0.75107574,-0.95521545,0.10533036,0.34542084,-0.3668251,-1.2281089,-2.9452934,1.6766624,1.5366241,0.0888443,0.30212784,0.0,0.0,0.0,0.0,0.0,0.0,0.0,0.0,0.0,0.0,0.0,0.0,-1.0,1.0,1.0,-1.0,-1.0,-1.0,1.0,-1.0,-1.0,1.0,-1.0,1.0
2025-06-04 11:20:02.907,-157.68126,-0.327994,-52.781364,1.8639525,-0.25312743,0.55666906,-3.92777,-3.145174,-9.73547,-0.05847931,0.26943207,-2.7924004,-0.7375285,2.3413506,0.005493164,1.8623737,2.6606407,-1.9317932,-0.04184723,-0.7027054,0.84168625,-1.1165671,-3.7070122,-0.00061035156,1.6221926,-0.70423126,-0.3607216,0.041382894,0.44353485,0.26184464,-1.4856076,-0.14095306,0.03479004,1.5879014,-0.33535004,-0.34241104,0.10494889,-0.35541534,1.6803246,-1.3335471,-0.5913162,-2.0550842,1.7081329,3.4274712,0.72571945,0.0,0.0,0.0,0.0,0.0,0.0,0.0,0.0,0.0,0.0,0.0,0.0,-1.0,1.0,1.0,-1.0,-1.0,-1.0,1.0,-1.0,-1.0,1.0,-0.48263845,1.0
2025-06-04 11:20:02.958,-155.14462,-1.679479,-53.026108,-0.07762933,0.6077722,-0.031392977,-3.380894,-2.733321,-1.645701,-0.08136749,-0.07312775,0.017700195,-0.6492564,1.3199997,-0.34851456,1.9401935,1.2521744,0.05065918,-0.071754456,-0.09815216,0.2081337,-1.2645774,-2.4742546,0.87953186,1.5902255,-0.548439,-0.30212784,0.06976424,0.21320343,-0.07507324,-1.4843869,-0.18894196,0.029907227,1.5726426,-0.3055191,-0.53772736,0.103423014,0.041618347,-0.00793457,-1.3084464,0.66890717,0.5157547,1.8492767,2.1387138,0.3997879,0.0,0.0,0.0,0.0,0.0,0.0,0.0,0.0,0.0,0.0,0.0,0.0,-1.0,1.0,1.0,-1.0,-1.0,-1.0,-1.0,-1.0,-1.0,1.0,1.0,1.0
2025-06-04 11:20:03.009,-157.41705,-2.235293,-53.99041,-1.4632285,0.13666801,0.08866173,-1.695493,-10.595074,-12.305492,-0.10295868,-0.28331757,1.3653755,-0.6027171,1.0546494,0.18738174,1.987038,0.51548004,1.1224518,-0.08167267,0.31131744,-1.7767601,-1.3562827,-1.3990402,1.4959946,1.5713809,-0.31589508,0.02746582,0.028031453,-1.4411545,-0.2105751,-1.4915586,-0.026130676,0.7476921,1.5590622,-0.24372101,-0.22522354,0.1111287,0.383873,-1.030899,-1.0353141,5.6753197,-1.0626373,1.9333526,1.2706375,-0.1690712,0.0,0.0,0.0,0.0,0.0,0.0,0.0,0.0,0.0,0.0,0.0,0.0,-1.0,1.0,-1.0,-1.0,-1.0,-1.0,-1.0,-1.0,-1.0,1.0,1.0,1.0
2025-06-04 11:20:03.061,-160.65123,-2.666806,-53.9415,-1.1696668,0.19569887,-0.25882792,1.169275,-3.083464,-12.505131,-0.11341095,-0.1305008,1.2127876,-0.5697581,0.20175934,1.0138092,1.8340687,-3.3266106,0.10437012,-0.08441925,-0.03856659,-0.79896164,-1.4128165,-0.87047577,0.7501335,1.5616152,-0.01789093,-0.69153976,-0.02484025,-0.91213226,-0.07385254,-1.49194,0.07801056,0.4425125,1.551204,-0.13874054,-0.19714737,0.11158647,-0.02773285,-0.3997879,-0.81718975,3.2098808,-0.5181961,1.9871398,0.81897736,0.18738174,0.0,0.0,0.0,0.0,0.0,0.0,0.0,0.0,0.0,0.0,0.0,0.0,-1.0,1.0,-1.0,1.0,-1.0,-1.0,-1.0,-1.0,-1.0,1.0,1.0,-1.0
2025-06-04 11:20:03.113,-164.11986,-4.166122,-53.37435,-1.0613766,0.48112795,-0.33129486,1.688358,-3.25028,-8.271791,-0.11829376,-0.1405716,0.9771881,-0.55045575,0.123939514,0.7086296,1.7150501,-1.8252182,-0.53406525,-0.011940002,1.3851547,-1.1273384,-1.4438682,-0.78357697,0.632946,1.5561221,-0.04108429,-0.58045197,-0.04994096,-0.8084488,-0.38758087,-1.4847684,0.39302826,-0.7721062,1.5470078,-0.1720047,-0.17517471,0.11326493,-0.16582489,0.18005753,-0.69481426,1.7640305,1.2701607,1.8374511,-3.228878,0.083618164,0.0,0.0,0.0,0.0,0.0,0.0,0.0,0.0,0.0,0.0,0.0,0.0,1.0,1.0,-1.0,1.0,-1.0,1.0,-1.0,-1.0,-1.0,-1.0,-1.0,-1.0
2025-06-04 11:20:03.165,-167.18892,-5.338216,-52.87284,-0.94300264,0.16202413,-0.13180771,0.68954,-3.424188,-10.969354,-0.051231384,0.96759796,1.8902893,-0.5421397,0.20465851,0.08972168,1.6479877,-0.88832855,-0.7501335,0.04322052,0.66158295,-1.0943756,-1.464849,0.1379013,-0.5999832,1.7259524,3.9574852,-1.818264,-0.06848039,-0.15377045,-0.3668251,-1.4778256,0.20633698,-0.3643837,1.5433457,-0.095710754,0.128788,0.039259806,-1.9270706,0.6366081,-0.945211,-5.932354,2.153965,1.7204925,-1.9487381,0.42176056,0.0,0.0,0.0,0.0,0.0,0.0,0.0,0.0,0.0,0.0,0.0,0.0,1.0,1.0,-1.0,1.0,1.0,1.0,-1.0,-1.0,-1.0,-1.0,-1.0,-1.0
2025-06-04 11:20:03.217,-171.09181,-6.945537,-52.329563,-1.4787222,0.19486986,-0.31867534,4.523227,-3.290709,-10.956219,0.0046157837,0.7211685,0.6549187,-0.53786725,0.16017914,0.7367058,1.6048816,-0.65044403,-0.436409,0.07480621,0.63899994,-0.06774902,-1.1475425,6.364258,-0.6732292,1.8620608,1.9126511,0.37903595,-0.080992594,-0.33306122,0.30334854,-1.4748502,-0.2337265,0.53162384,1.5409806,-0.05832672,-0.040893555,-0.013993368,-0.9658432,-0.95033264,-1.181951,-3.2738152,1.7596703,1.6435882,-1.5063095,0.45594025,0.0,0.0,0.0,0.0,0.0,0.0,0.0,0.0,0.0,0.0,0.0,0.0,1.0,1.0,-1.0,1.0,1.0,-1.0,-1.0,-1.0,-1.0,-1.0,-1.0,-1.0
2025-06-04 11:20:03.267,-175.26723,-7.579097,-51.52836,-1.3479984,0.052582145,-0.36287087,0.908714,-0.625627,-9.283263,0.037956238,0.03429413,1.1590767,-0.53512067,-0.031547546,0.58045197,1.580315,-0.28224945,-0.5853348,0.08853912,0.4631424,-0.2532997,-0.8919578,3.6891594,0.06530762,1.762955,-2.1612968,-0.06774902,-0.09716691,-0.21312714,0.38147736,-1.4843869,-0.13225555,0.53284454,1.5396073,-0.058403015,-0.17395401,-0.041382894,-0.25661469,-1.3324165,-1.3099723,-1.746788,0.6549187,1.6031524,-0.66173553,-0.35217667,0.0,0.0,0.0,0.0,0.0,0.0,0.0,0.0,0.0,0.0,0.0,0.0,1.0,1.0,-1.0,1.0,1.0,-1.0,-1.0,-1.0,-1.0,-1.0,-1.0,-1.0
2025-06-04 11:20:03.319,-179.65355,-7.76048,-50.625183,-1.5763423,0.15814865,-0.20740105,0.739215,1.096239,-11.404422,0.056495667,0.13851166,0.72938156,-0.53168744,-0.105400085,0.23132706,1.5687183,-0.194664,-0.6695671,0.101127625,0.22830963,-0.6012039,-0.74142987,2.2248497,0.19836807,1.6772006,-1.345787,-0.5072098,-0.108611,-0.06389618,0.5902176,-1.4891171,0.04787445,0.5462723,1.5393021,-0.02872467,-0.26184464,-0.05969344,0.027198792,-1.1236725,-1.3856559,-1.1129379,0.7147331,1.5785094,-0.3611374,-0.35339737,0.0,0.0,0.0,0.0,0.0,0.0,0.0,0.0,0.0,0.0,0.0,0.0,1.0,1.0,-1.0,1.0,1.0,-1.0,-1.0,-1.0,-1.0,-1.0,-1.0,-1.0
2025-06-04 11:20:03.370,175.91217,-7.936541,-50.121223,-1.394499,-0.11372932,-0.1657165,2.260691,0.818579,-8.31162,0.07083893,0.03856659,0.6219559,-0.5323741,-0.13347626,0.5987625,1.5592579,-0.06954193,-0.5951004,0.10883331,0.09548187,-0.64881516,-0.653997,1.2743759,0.27771378,1.6254733,-0.9292221,-0.60730743,-0.112730876,-0.031700134,0.5523758,-1.4925504,-0.082359314,0.6561394,1.5391495,-0.017662048,-0.23498917,-0.067322835,0.015907288,-1.1419868,-1.4314322,-0.56095123,0.6366081,1.565158,-0.19367218,-0.48645782,0.0,0.0,0.0,0.0,0.0,0.0,0.0,0.0,0.0,0.0,0.0,0.0,1.0,-1.0,-1.0,1.0,1.0,1.0,-1.0,1.0,-1.0,-1.0,-1.0,-1.0
2025-06-04 11:20:03.422,172.27286,-7.38376,-49.54697,-1.1366309,-0.26188168,-0.085524656,-2.007506,6.808705,-15.094685,0.084724426,-0.05054474,0.23987198,-0.8676097,-6.635254,2.0172424,1.5515522,-0.015907288,0.42786407,0.116004944,0.32871246,-2.1551857,-0.6009689,0.7179642,-0.5499344,1.7771456,2.9676476,-0.049438477,-0.123183146,0.40103912,0.24475479,-1.1611295,7.239731,-2.7411308,1.5332749,0.48763275,-0.99549866,-0.07205306,0.13843536,-1.1053619,-1.4582877,-0.27385712,1.3824692,1.5559264,-0.16269684,-0.092163086,0.0,0.0,0.0,0.0,0.0,0.0,0.0,0.0,0.0,0.0,0.0,0.0,1.0,-1.0,-1.0,1.0,1.0,-1.0,-1.0,-1.0,1.0,-1.0,-1.0,-1.0
2025-06-04 11:20:03.474,168.44093,-6.210589,-48.9746,-1.3329473,-0.3276598,-0.26789877,0.490796,-1.519623,-11.394545,0.084877014,0.029411316,1.223774,-1.1279246,-3.539318,0.040893555,1.5443805,-0.12516022,0.05065918,0.120658875,0.3029251,-1.6266136,-0.5684677,0.46733856,0.3668251,1.715729,-1.9370651,-0.26672745,-0.10967912,-0.0333786,0.19226456,-1.2259793,-2.9468956,1.293354,1.7215683,3.161663,0.9808502,-0.07746993,0.05519867,-0.41931915,-1.4710288,0.14087677,-0.3265419,1.5496703,-0.13660431,-0.20203018,0.0,0.0,0.0,0.0,0.0,0.0,0.0,0.0,0.0,0.0,0.0,0.0,1.0,1.0,-1.0,1.0,1.0,-1.0,-1.0,-1.0,1.0,-1.0,-1.0,-1.0
2025-06-04 11:20:03.524,165.43279,-6.335586,-48.67391,-0.90216374,0.38390884,0.11517592,1.161005,3.83275,-9.307735,0.083351135,0.38784027,-0.31311417,-0.95130414,4.7333183,-1.9208069,1.5362934,-0.07266998,-0.060424805,0.12310028,0.11417389,-0.96009827,-0.55099636,0.21671295,0.8966217,1.6485903,-0.9510422,-0.34241104,-0.113493815,-0.25058746,0.8880768,-1.3314176,-1.8336868,1.4459457,1.8606522,1.961937,0.1715126,-0.07808028,0.5616379,-1.4581528,-1.4791923,-0.43056488,1.9415588,1.5458556,-0.07480621,-0.13855362,0.0,0.0,0.0,0.0,0.0,0.0,0.0,0.0,0.0,0.0,0.0,0.0,1.0,-1.0,-1.0,1.0,1.0,-1.0,-1.0,1.0,-1.0,-1.0,-1.0,-1.0
2025-06-04 11:20:03.575,163.65852,-7.16504,-48.418793,-0.4305681,-0.31656793,-0.07008539,-0.393142,6.193229,-7.130993,0.096473694,-0.054359436,0.42053986,-1.1020609,-3.9006462,0.72205734,1.5372089,-0.046653748,0.3704872,0.11997223,0.17910004,-0.88197327,-0.54344326,0.38692474,-0.08483887,1.6086886,-0.6635666,-0.5084305,-0.12402238,-0.073890686,0.2862587,-1.0766721,6.4996796,-2.5653458,1.7585709,-2.0436516,-1.1859322,-0.08174239,0.03780365,-0.39124298,-1.4807181,-0.023155212,0.4400711,1.5424987,-0.07534027,-0.012817383,0.0,0.0,0.0,0.0,0.0,0.0,0.0,0.0,0.0,0.0,0.0,0.0,1.0,-1.0,1.0,1.0,1.0,-1.0,-1.0,-1.0,-1.0,-1.0,-1.0,-1.0
2025-06-04 11:20:03.626,161.82794,-5.863761,-47.956528,-0.613176,-0.297018,-0.26856685,-0.735391,-0.376908,-8.527543,0.08930206,-0.054130554,1.6839867,-1.2668597,-2.3402824,-0.19592667,1.71917,3.6048546,-0.029907227,0.12233734,0.2577591,-1.1444283,-0.535585,-0.087776184,0.11413574,1.585953,-0.40805817,-0.83680344,-0.11379899,-0.5642319,1.912262,-1.176846,-3.335537,1.9769592,1.6708329,-1.301918,0.49744415,-0.083191976,-0.06542206,-0.67811203,-1.4833121,0.13622284,-0.46570587,1.5406677,0.03429413,-0.053100586,0.0,0.0,0.0,0.0,0.0,0.0,0.0,0.0,0.0,0.0,0.0,0.0,1.0,1.0,-1.0,-1.0,1.0,1.0,1.0,-1.0,-1.0,-1.0,-1.0,-1.0
2025-06-04 11:20:03.678,160.74661,-5.629827,-47.55606,-0.14370039,0.2588864,-0.04150831,0.719099,3.914572,-9.090369,0.08670807,0.10585785,-0.35217667,-1.0280558,5.4842033,-0.76356125,1.6738514,-1.2831497,-0.68665695,0.053138733,-1.6867447,-0.80384445,-0.52963406,0.026512146,-0.5096512,1.7521212,3.583416,-0.34729385,-0.040175334,1.2942886,0.56946564,-1.3050199,-1.8413162,0.632946,1.6188004,-1.028328,0.0982666,-0.0867015,-0.39409637,0.19592667,-1.4824729,0.02773285,0.1324501,1.5398284,-0.0371933,-0.12023926,0.0,0.0,0.0,0.0,0.0,0.0,0.0,0.0,0.0,0.0,0.0,0.0,1.0,-1.0,-1.0,-1.0,0.4890703,-1.0,1.0,-1.0,-1.0,-1.0,-1.0,-1.0
2025-06-04 11:20:03.729,160.27547,-6.054101,-47.51759,-0.14551193,-0.00063842395,0.0771458,-4.766422,5.070749,-11.35252,0.09441376,-0.16994476,1.5362778,-1.1504351,-3.5716667,1.2213326,1.622353,-0.87726593,-0.2105751,-0.0024032593,-0.846138,-1.2518501,-0.6123367,-1.5158463,0.26794815,1.6976473,-1.5447617,-0.21912003,0.012314901,0.965538,0.18249893,-1.38345,-0.82042694,0.07507324,1.5857651,-0.45749664,-0.34607315,-0.094025716,0.017433167,0.021362305,-1.4745383,0.4556656,-1.0504303,1.5386077,-0.011100769,-0.028686523,0.0,0.0,0.0,0.0,0.0,0.0,0.0,0.0,0.0,0.0,0.0,0.0,1.0,-1.0,-1.0,1.0,1.0,1.0,1.0,-1.0,1.0,-1.0,-1.0,-1.0
2025-06-04 11:20:03.780,160.56435,-6.583811,-47.475277,0.3176454,0.2347217,0.079931624,1.664356,2.281667,-5.258461,0.09426117,0.23296356,0.48279572,-1.2903582,-1.9965744,1.3080025,1.5885547,-0.60588837,0.11657715,0.03665924,1.0546494,-1.797512,-0.59425503,0.62122345,-0.41321564,1.811249,2.56596,0.09338379,0.044510946,0.46283722,1.0333405,-1.4302945,-0.7856369,1.4789047,1.7458298,2.9318657,0.4327469,-0.09913741,-0.09967804,-0.055541992,-1.4715629,-0.055351257,0.028686523,1.5382262,-0.048789978,-0.03112793,0.0,0.0,0.0,0.0,0.0,0.0,0.0,0.0,0.0,0.0,0.0,0.0,1.0,-1.0,-1.0,1.0,1.0,1.0,-1.0,-1.0,1.0,-1.0,-1.0,-1.0
2025-06-04 11:20:03.830,161.9592,-6.566278,-47.822105,0.51242095,-0.11877536,0.15422153,-0.007352,2.971403,-8.53064,0.091056824,-0.22701263,0.91249084,-1.3742815,-1.1044693,0.3997879,1.5693287,-0.30879974,-0.45960236,0.07297516,0.6344223,-1.6595726,-0.5665603,0.5137253,-0.07751465,1.9125674,1.4886856,0.19470596,-0.010725871,-1.2950516,0.91981506,-1.4518857,-0.5954361,0.29358292,1.8733933,1.9231033,0.036010742,-0.094178304,0.27584076,-1.4544907,-1.4784293,0.11859894,0.22644424,1.5375396,0.048866272,-0.05065918,0.0,0.0,0.0,0.0,0.0,0.0,0.0,0.0,0.0,0.0,0.0,0.0,1.0,-1.0,-1.0,1.0,1.0,-1.0,-1.0,-1.0,1.0,-1.0,-1.0,-1.0
2025-06-04 11:20:03.882,163.95876,-6.685265,-48.21258,0.7526372,0.11806831,0.12016421,-0.021634,3.036789,-9.476577,0.08998871,-0.07701874,0.84778976,-1.4225756,-0.8031845,0.44861603,1.5586475,-0.17307281,-0.3680458,0.09502411,0.3321457,-1.1554146,-0.5493179,0.15789032,0.99671936,1.7939303,-2.64851,-0.27038956,-0.053679362,-0.8585739,0.3997879,-1.4670682,-0.25676727,0.23498917,1.9485428,1.068306,0.37170792,-0.09036361,0.143013,-1.0479889,-1.4830832,-0.05771637,0.35705948,1.5369292,-0.017356873,-0.03112793,0.0,0.0,0.0,0.0,0.0,0.0,0.0,0.0,0.0,0.0,0.0,0.0,1.0,1.0,-1.0,1.0,1.0,-1.0,-1.0,1.0,1.0,-1.0,-1.0,-1.0
